房子名称,房子地址,房子价格
宜家精致三房，南北通透，开发商交房，全新未入住,南昌恒大城,单价11184元/平米
南昌恒大城 品质小区出行便利房东诚心出售,南昌恒大城,单价10928元/平米
南昌县  象湖区  力高国际城 1房,力高国际城一期,单价9149元/平米
南昌大学旁 毗近谢家村地铁口 精装2房 拎包入住 急售,青山湖社区,单价12170元/平米
楼栋位置佳，楼层好。满五唯一没个税,南昌恒大城,单价10689元/平米
南昌恒大城 3室1厅 116万,南昌恒大城,单价10479元/平米
南昌恒大城  品质楼盘 环境优美,南昌恒大城,单价9673元/平米
南昌大学医学院住宅区 2室2厅 93万,南昌大学医学院住宅区,单价13055元/平米
恒大城  人车分流小区 环境好 带装修 随时可看,南昌恒大城,单价10996元/平米
恒大园林小区，楼间开，朝南，正规三房,南昌恒大城,单价11099元/平米
楼层好，光线好，户型端正，出行方便,南昌恒大城,单价10000元/平米
象湖四室两厅两卫房东诚心出售。。,南昌恒大城,单价8951元/平米
此房采光好，配套齐全，交通便利，小区绿化环境不错,南昌恒大城,单价10771元/平米
小区入口 出行方便 楼下恒大影城和菜场,南昌恒大城,单价10551元/平米
格局好 视野开阔 采光充足 物业好 房型好配套齐全,南昌恒大城,单价10740元/平米
恒大城精装，拎包入住，视野开阔，无遮挡，四房两厅,南昌恒大城,单价9984元/平米
中大城，三居室 中高楼层 精装，随时能看房。,南昌中大城,单价15166元/平米
中大城  房东诚心出售 中间楼层好  采光良好,南昌中大城,单价11898元/平米
采光充足恒大城精装3房价格可谈视野开阔唯一通透户型,南昌恒大城,单价10051元/平米
精致三，    房时尚的装修风格婚房优选,南昌恒大城,单价10945元/平米
恒大城开发商精装修两房 配套齐全 绿化好,南昌恒大城,单价10815元/平米
象湖新城，恒大城。物业环境好，,南昌恒大城,单价10660元/平米
恒大城精装修两房，采光充足，楼层位置佳,南昌恒大城,单价10574元/平米
学府公馆地段佳，靠南昌市委党校，品牌开发商,绿地学府公馆,单价11177元/平米
红谷滩中芯 带南昌二中 近地铁 2房1卫有阳台,昌北灯头厂宿舍,单价17182元/平米
房东换房急售 联发君领朝阳  近站小南昌一中,联发君领朝阳,单价18291元/平米
南昌 经开区青秀城 近地铁 交通方便 房东诚售,中国铁建青秀城,单价10197元/平米
南昌28中前面，双公园，此房为板房，格局为通透,磨盘山8号,单价9608元/平米
恒大华府中间楼层，未入住   全新装修，业主诚心出售,南昌恒大华府,单价19499元/平米
桃苑西路南昌外国语旁高档住宅小区朝南三房,世纪名族园,单价13566元/平米
南昌外国语旁  世纪名族园 精装通透三房  拎包入住,世纪名族园,单价12926元/平米
国博二期 东端看江四房 房子已满两年 近南昌二中,绿地国际博览城二期博翠,单价16276元/平米
精装修 可以看江 可以看全线的南昌大桥 房东诚心出售,联发江岸汇景,单价18648元/平米
桃苑大街 南昌外国语旁 世纪名族园 三房朝南,世纪名族园,单价11912元/平米
联发君领朝阳 近站小南昌一中 毛坯二房 房东急售,联发君领朝阳,单价16907元/平米
九龙湖 四号线 双地铁口 南昌西站旁 精装修,新力琥珀园一期,单价14241元/平米
房东诚心出售 地段好  光线好,南昌大学南生活区,单价13901元/平米
恒大翡翠华庭经典户型三房二厅一卫  业主去年收房,南昌恒大翡翠华庭,单价12000元/平米
好房必卖 业主不缺钱 诚心卖 原因 置换,南昌铜锣湾广场,单价21908元/平米
铜锣湾广场 精装通透2+1 户型端正 中间楼层,南昌铜锣湾广场,单价20766元/平米
恒大绿洲六期精装四房 户型通透 采光好 观景楼层,南昌恒大绿洲六期,单价8151元/平米
精装公寓 温馨舒适 万达广场 地铁大厦,南昌红谷滩万达广场,单价9328元/平米
南昌县天祥棕榈湾毛坯三房 配套设施齐全 前后无挡,天祥棕榈湾,单价11295元/平米
南昌恒大城 3室2厅 145万,南昌恒大城,单价12195元/平米
南昌中大城 3室2厅 115万,南昌中大城,单价14016元/平米
南昌恒大城 3室2厅 140万,南昌恒大城,单价11545元/平米
南昌恒大城 3室2厅 135万,南昌恒大城,单价13107元/平米
南昌恒大城 3室2厅 144万,南昌恒大城,单价12973元/平米
南昌恒大城 3室2厅 121万,南昌恒大城,单价11000元/平米
南昌恒大城 2室2厅 105万,南昌恒大城,单价11798元/平米
南昌恒大城 2室2厅 120万,南昌恒大城,单价12685元/平米
南昌恒大城 2室2厅 98万,南昌恒大城,单价11073元/平米
南昌恒大城 3室2厅 118万,南昌恒大城,单价12873元/平米
南昌恒大城 2室2厅 98万,南昌恒大城,单价11076元/平米
南昌恒大城 2室1厅 110万,南昌恒大城,单价12431元/平米
南昌恒大城 2室2厅 96万,南昌恒大城,单价11977元/平米
南昌恒大城 2室2厅 113万,南昌恒大城,单价12772元/平米
南昌恒大城，开发商精装交付！！！,南昌恒大城,单价13173元/平米
南昌恒大城 3室2厅 123万,南昌恒大城,单价12059元/平米
南昌中大城 3室2厅 145万,南昌中大城,单价16293元/平米
南昌恒大城 3室2厅 108万,南昌恒大城,单价11434元/平米
南昌恒大城 2室2厅 92万,南昌恒大城,单价11561元/平米
南昌恒大城 2室2厅 100万,南昌恒大城,单价12500元/平米
南昌恒大城 3室2厅 140万,南昌恒大城,单价11795元/平米
南昌恒大城 3室2厅 114万,南昌恒大城,单价10811元/平米
南昌恒大城 3室2厅 113万,南昌恒大城,单价10971元/平米
南昌恒大城 4室2厅 170万,南昌恒大城,单价10472元/平米
南昌中大城 4室2厅 270万,南昌中大城,单价18055元/平米
象湖新城南昌恒大城精装朝南两房出售,南昌恒大城,单价11153元/平米
南昌恒大城 2室2厅 88万,南昌恒大城,单价11017元/平米
南昌恒大城 3室2厅 148万,南昌恒大城,单价11994元/平米
南昌恒大城 3室2厅 123.8万,南昌恒大城,单价10849元/平米
南昌恒大城，开发商精装的四房！！！！,南昌恒大城,单价12000元/平米
南昌恒大城 3室2厅 135万,南昌恒大城,单价12196元/平米
南昌中大城 1室1厅 42万,南昌中大城,单价12139元/平米
南昌恒大城 2室2厅 100万,南昌恒大城,单价11301元/平米
南昌中大城 2室1厅 52万,南昌中大城,单价13685元/平米
南昌中大城.采光充足.毛坯..,南昌中大城,单价17178元/平米
南昌 恒大城  大三房两厅两卫,南昌恒大城,单价10710元/平米
南昌恒大城  采光佳  小三房,南昌恒大城,单价11721元/平米
南昌恒大城 3室2厅 200万,南昌恒大城,单价11977元/平米
南昌恒大城 2室2厅 112万,南昌恒大城,单价12322元/平米
南昌恒大城 4室2厅 136万,南昌恒大城,单价9316元/平米
南昌恒大城 3室2厅 118万,南昌恒大城,单价10631元/平米
南昌恒大城 3室1厅 115万,南昌恒大城,单价10358元/平米
南昌中大城 2室1厅 45万,南昌中大城,单价12858元/平米
南昌中大城 3室2厅 151万,南昌中大城,单价17040元/平米
南昌恒大城 2室2厅 96万,南昌恒大城,单价11718元/平米
南昌恒大城 2室2厅 92万,南昌恒大城,单价10936元/平米
南昌恒大城 3室2厅 120万,南昌恒大城,单价11714元/平米
南昌恒大城 2室1厅 102万,南昌恒大城,单价11523元/平米
南昌中大城 2室1厅 45万,南昌中大城,单价13174元/平米
南昌中大城 3室2厅 158万,南昌中大城,单价17615元/平米
南昌恒大城 3室2厅 142万,南昌恒大城,单价11480元/平米
南昌中大城精装新房 中间楼层靠北面,南昌中大城,单价12687元/平米
南昌恒大城 3室1厅 102万,南昌恒大城,单价10977元/平米
南昌中大城 1室0厅 43万,南昌中大城,单价11945元/平米
房东离开南昌发展忍痛割爱精装4房,南昌恒大华府,单价20658元/平米
南昌恒大华府 3室2厅 275万,南昌恒大华府,单价21800元/平米
南昌市烟草公司南昌县分公司宿舍 6室2厅 180万,南昌市烟草公司南昌县分公司宿舍,单价8220元/平米
南昌市烟草公司南昌县分公司宿舍 4室2厅 185万,南昌市烟草公司南昌县分公司宿舍,单价8448元/平米
南昌恒大城精装大三房， 户型通透,南昌恒大城,单价10080元/平米
南昌中大城  小区环境优美   读书方便,南昌中大城,单价14269元/平米
南昌恒大城！精装通透三房，房东诚心出售,南昌恒大城,单价11621元/平米
南昌恒大城 户型端正，环境良好 诚心出售,南昌恒大城,单价9260元/平米
南昌恒大城，诚信出售，寻找心仪的家,南昌恒大城,单价13125元/平米
南昌恒大城  开发商精装修  中间楼层,南昌恒大城,单价11536元/平米
南昌恒大城全阳光充足，楼层佳，宜居住！！！,南昌恒大城,单价12939元/平米
南昌恒大城，一居室，诚心售！！！,南昌恒大城,单价11545元/平米
南昌恒大城精装三房带家具家电拎包入住,南昌恒大城,单价12483元/平米
南昌恒大城 配套齐全 交通便利 适合居住,南昌恒大城,单价12754元/平米
南昌恒大城 业主自住精装修  着急出售  中上楼层,南昌恒大城,单价11639元/平米
南昌恒大城齐配套齐全，悦享精致生活，贴心管家服务,南昌恒大城,单价12055元/平米
南昌中大城  环境好  阳光好  空气好,南昌中大城,单价13949元/平米
南昌中大城 采光好 装修房 交通方便,南昌中大城,单价14600元/平米
南昌恒大城新出好房 精装修 带露台 诚心出售,南昌恒大城,单价11143元/平米
南昌恒大城精装两房带家具家电拎包入住,南昌恒大城,单价11952元/平米
南昌恒大城 精装修 户型好  诚心出售,南昌恒大城,单价10508元/平米
南昌恒大城 三室两厅 9A精装 诚心出售,南昌恒大城,单价11316元/平米
南昌恒大城，绿化好，物业服务好。,南昌恒大城,单价11023元/平米
南昌中大城中间楼层 采光好 看房找左坦程,南昌中大城,单价14256元/平米
南昌中大城小户型南面精装房 莲一和洪洲,南昌中大城,单价14990元/平米
南昌恒大城 两室两厅 精装 诚心出售,南昌恒大城,单价11184元/平米
南昌中大城莲塘壹中精装房 中间楼层 采光好,南昌中大城,单价15843元/平米
南昌恒大城 优质三房 开发商精装修 物业好,南昌恒大城,单价12381元/平米
南昌恒大城精装三房带家具家电拎包入住,南昌恒大城,单价11782元/平米
南昌恒大绿洲二期 3室2厅 118万,南昌恒大绿洲二期,单价9594元/平米
南昌恒大绿洲二期 3室2厅 108万,南昌恒大绿洲二期,单价11312元/平米
南昌恒大绿洲二期 4室2厅 132.8万,南昌恒大绿洲二期,单价8702元/平米
南昌恒大绿洲二期 4室2厅 177万,南昌恒大绿洲二期,单价10000元/平米
南昌恒大绿洲二期 3室2厅 134万,南昌恒大绿洲二期,单价9923元/平米
南昌恒大绿洲二期 4室2厅 135万,南昌恒大绿洲二期,单价8491元/平米
南昌恒大翡翠华庭 3室2厅 128万,南昌恒大翡翠华庭,单价11856元/平米
南昌恒大翡翠华庭 3室2厅 140万,南昌恒大翡翠华庭,单价11476元/平米
南昌恒大绿洲二期 4室2厅 160万,南昌恒大绿洲二期,单价10323元/平米
南昌恒大绿洲二期 3室2厅 118万,南昌恒大绿洲二期,单价9636元/平米
南昌恒大翡翠华庭 1室1厅 55万,南昌恒大翡翠华庭,单价12212元/平米
南昌铜锣湾广场优质好房欢迎鉴赏,南昌铜锣湾广场,单价24674元/平米
南昌恒大翡翠华庭 3室2厅 138万,南昌恒大翡翠华庭,单价12571元/平米
南昌恒大绿洲二期 3室2厅 120万,南昌恒大绿洲二期,单价8889元/平米
安居小区(南昌县) 3室2厅 79万,安居小区(南昌县),单价7916元/平米
安居小区(南昌县) 2室2厅 79万,安居小区(南昌县),单价9752元/平米
南昌中大城70年产权小户型 两房阳光充足拎包入住 洪洲,南昌中大城,单价11793元/平米
南昌恒大城，金碧物业配套设施完善，精装修三房！！,南昌恒大城,单价12190元/平米
诚心出售南昌红谷滩万达广场公寓,南昌红谷滩万达广场,单价10378元/平米
南昌大学南生活区 2室2厅 168万,南昌大学南生活区,单价20660元/平米
南昌恒大绿洲六期 4室2厅 150万,南昌恒大绿洲六期,单价8489元/平米
南昌大学南生活区 2室2厅 98万,南昌大学南生活区,单价14189元/平米
南昌恒大绿洲六期 4室2厅 151万,南昌恒大绿洲六期,单价8580元/平米
南昌县电信局宿舍 3室2厅 116万,南昌县电信局宿舍,单价8128元/平米
一号线地铁口，得房率超高，南昌大学，南大单位宿舍,南昌大学南生活区,单价17374元/平米
南昌大学南生活区  3室2厅   户型端正,南昌大学南生活区,单价15913元/平米
南昌恒大绿洲六期 4室1厅 180万,南昌恒大绿洲六期,单价10276元/平米
南昌锦海东方银座 1室1厅 52万,南昌锦海东方银座,单价13956元/平米
南昌地税住宅小区，复式楼，小区环境好24小时门卫,南昌地税住宅小区,单价12206元/平米
南昌锦海东方银座   采光充足  全天太阳,南昌锦海东方银座,单价15298元/平米
南昌恒大翡翠华庭  一房一厅 单价低精装修,南昌恒大翡翠华庭,单价11112元/平米
南昌铜锣湾广场  配套齐全  购物休闲于一体 交通便利,南昌铜锣湾广场,单价24891元/平米
南昌县莲塘恒大绿洲六期 带车位 小区环境优美,南昌恒大绿洲六期,单价11364元/平米
出门三号线地铁口 南外环 南昌县绿化多多的小区,南昌恒大绿洲二期,单价9600元/平米
南昌大学生活区   3室1厅  户型端正 自带小院,南昌大学南生活区,单价15978元/平米
北京东路上海北路南昌科技大学旁一号   地  铁旁,南昌大学南生活区,单价15202元/平米
南昌市园林住宅小区 2室2厅 98万,南昌市园林住宅小区,单价13951元/平米
南昌大学北区家属宿舍 2室0厅 72万,南昌大学北区家属宿舍,单价15766元/平米
南昌齿轮场职工生活社区 2室1厅 38.8万,南昌齿轮场职工生活社区,单价6778元/平米
南昌经开区南齿生活社区近地铁交通方便环境优美,南昌齿轮场职工生活社区,单价7759元/平米
南昌卷烟厂住宅小区 3室1厅 97万,南昌卷烟厂住宅小区,单价9970元/平米
南昌齿轮厂职工宿舍 交通方便  房东诚售,南昌齿轮场职工生活社区,单价8182元/平米
南昌阀门廠宿舍三区 2室1厅 78万,南昌阀门廠宿舍三区,单价11328元/平米
南昌大学北区家属宿舍 2室2厅 125万,南昌大学北区家属宿舍,单价16041元/平米
南昌市中级人民法院小区 2室1厅 85万,南昌市中级人民法院小区,单价10411元/平米
南昌县良种场职工安置房 2室2厅 75万,南昌县良种场职工安置房,单价9294元/平米
南昌红谷滩万达广场 1室1厅 50万,南昌红谷滩万达广场,单价10779元/平米
南昌红谷滩万达广场 1室1厅 46万,南昌红谷滩万达广场,单价9951元/平米
南昌大学北区家属宿舍 2室1厅 92万,南昌大学北区家属宿舍,单价17823元/平米
南昌阀门廠宿舍三区 2室1厅 81万,南昌阀门廠宿舍三区,单价10448元/平米
南昌大学北区家属宿舍 2室1厅 81万,南昌大学北区家属宿舍,单价15796元/平米
南昌红谷滩万达广场 1室1厅 49万,南昌红谷滩万达广场,单价12211元/平米
悦峰商务广场（南昌世纪皇冠） 1室1厅 42万,悦峰商务广场（南昌世纪皇冠）,单价10728元/平米
南昌红谷滩万达广场 1室1厅 50万,南昌红谷滩万达广场,单价10402元/平米
南昌阀门廠宿舍三区 2室1厅 69万,南昌阀门廠宿舍三区,单价10021元/平米
南昌阀门廠宿舍  采光充足  交通便利,南昌阀门廠宿舍三区,单价10436元/平米
悦峰商务广场（南昌世纪皇冠）公寓房,悦峰商务广场（南昌世纪皇冠）,单价9919元/平米
南昌阀门廠宿舍三区 2室1厅 70万,南昌阀门廠宿舍三区,单价10248元/平米
青山湖 南昌大学教师宿舍 近地铁 交通便利 配套齐全,南昌大学北区家属宿舍,单价17065元/平米
经开区 蛟桥 南昌齿轮厂 三房 交通便利  房东诚售,南昌齿轮场职工生活社区,单价6835元/平米
青山湖 南昌大学 教师宿舍 近地铁 交通便利 配套齐全,南昌大学北区家属宿舍,单价16595元/平米
南昌卷烟长住宅小区，地段好，采光好邻近地铁交通便利,南昌卷烟厂住宅小区,单价13048元/平米
南昌市公安局桃苑住宅小区 2室2厅 160万,南昌市公安局桃苑住宅小区,单价14415元/平米
南昌市公安局桃苑住宅小区 2室2厅 150万,南昌市公安局桃苑住宅小区,单价13514元/平米
南昌市公安局桃苑住宅小区 3室2厅 170万,南昌市公安局桃苑住宅小区,单价15578元/平米
南昌市南昌县平安象湖风情复式洋房诚售,平安象湖风情,单价11236元/平米
南昌市 南昌县 象湖区 玫瑰华庭 3房2卫,居住主题公园-玫瑰华庭,单价10000元/平米
南昌齿轮场职工生活社区2-2-1-1 72.02m² 72 万,南昌齿轮场职工生活社区,单价9998元/平米
房东诚心出售户型方正就读南昌二中,绿地国际博览城二期博隆,单价16541元/平米
水晶岛九里象湖城南昌成熟品质住宅,水晶岛九里象湖城,单价12407元/平米
红谷滩灯头厂宿舍低总价d南昌二中！！！,昌北灯头厂宿舍,单价22239元/平米
南昌西站旁   新力物业 看房方便,新力琥珀园二期,单价15949元/平米
南昌县.君悦府.采光充足，朝南,君悦府,单价15099元/平米
南昌县。视野开阔！!交通方便!,正荣大湖之都·凌湖峰,单价10409元/平米
南昌市青云谱环境配套齐全的小区,水榭花都,单价12966元/平米
地段繁华，隔壁就是南昌三中，，全天太阳,博泰生命树,单价13880元/平米
"房东诚心出售,旁边南昌西站,出行便利",华润凯旋门,单价16819元/平米
南昌经开区翰林院配套齐全交通方便。。。,翰林苑,单价8258元/平米
南昌三中隔壁好房，视野开阔。。,博泰生命树,单价12888元/平米
全南昌房东急售红谷-新城 随时看房,红谷·新城,单价15042元/平米
南昌三中旁 精装两房 看房方便！,博泰生命树,单价11375元/平米
南昌象湖新城象湖桃源真实房源真实价钱,象湖桃源,单价11848元/平米
南昌市         东湖区        胜利路,大士院三区,单价12821元/平米
距离南昌西站1000米，4号地铁口,新力琥珀园二期,单价13443元/平米
老南昌地带配套齐全，价格实惠。,算子桥街（侧、巷）,单价10687元/平米
南昌玛雅乐园旁  VR视野 诚意出售,朝阳天成,单价15804元/平米
南昌县莲塘近莲塘三小，配套齐全,毕加索花园,单价12389元/平米
力高国际城二期南昌高品质住宅房,力高国际城二期,单价12009元/平米
南昌市   东湖区    墩子塘,墩子塘,单价12771元/平米
南昌市     东湖区      民德路,民德路小区,单价13474元/平米
中产国际位于南昌县区澄湖中路..........,中产国际,单价6414元/平米
新力是一个大开发商，南昌本土物业,新力琥珀园一期,单价16755元/平米
近南昌西站 九龙湖4号线地铁口 南昌万达贸 华南城,新力合园,单价17702元/平米
全天视野无挡 南昌市委党校旁 南昌大学，品牌开发商,绿地学府公馆,单价12173元/平米
恒大精装房，出门就找不到这个价。。。。。,南昌恒大城,单价10850元/平米
恒大城精装朝南三房 配套齐全 环境优美,南昌恒大城,单价11364元/平米
房东诚心出售，房屋精装修，楼层好，户型好。,南昌恒大城,单价11260元/平米
恒大园林小区，楼间开，正规三房,南昌恒大城,单价9938元/平米
房东诚心出售，房屋精装修，楼层好，小区物业好。,南昌恒大城,单价11723元/平米
恒大城新精装两房，朝南户型，位置好，楼层中间,南昌恒大城,单价11310元/平米
房东诚心出售，看中价格好谈，房东很好说话。,南昌恒大城,单价12890元/平米
"正规大三房, 户型方正, 超大景观房",南昌恒大城,单价11539元/平米
配套齐，交通便利，人文环境好，适合居住 。,南昌恒大城,单价9986元/平米
恒大城精装修端户房东诚心出售！,南昌恒大城,单价12000元/平米
恒大城精装修端户房东诚心出售！,南昌恒大城,单价12000元/平米
恒大城小区大三房精装修房东诚心出售！,南昌恒大城,单价11075元/平米
户型好交通方便小区住的舒适户型是南北通透户型,南昌恒大城,单价11028元/平米
楼层好，光线好，恒大园林小区，朝南，正规三房,南昌恒大城,单价12038元/平米
楼层位置佳，楼层好，户型端正，出行方便,南昌恒大城,单价12202元/平米
新房从未入住过 ，一线湖景房，交通便捷，可就读名校,南昌恒大城,单价12096元/平米
房东诚心出售，房屋精装修，没入住过,南昌恒大城,单价11619元/平米
品质楼盘，楼间距开阔，房东急售大三房低于市场价出售,南昌恒大城,单价10358元/平米
恒大城精装三房，带15平方露台，家电具齐全,南昌恒大城,单价12886元/平米
恒大城大两房，空间利用高，户型方正，带家具家电,南昌恒大城,单价12055元/平米
房东诚心出售，钥匙在我店里，随时可以看房,南昌恒大城,单价12007元/平米
精装修通透三房户型，拎包入住，房东诚心卖,南昌恒大城,单价11155元/平米
恒大城精装3房 未入住 视野开阔 湖景房,南昌恒大城,单价10200元/平米
恒大城精装2房  金碧物业  视野好,南昌恒大城,单价11494元/平米
恒大城精装修的大三房房东诚心出售,南昌恒大城,单价13794元/平米
恒大城精装大三房，楼盘新绿化好，总价便宜！,南昌恒大城,单价10262元/平米
房东诚心出售，房屋开发商精装修好的。,南昌恒大城,单价12196元/平米
小区配套成熟，九年义务教育，幼儿园几所,南昌恒大城,单价12255元/平米
景观房，楼层好，可观湖景，位置佳，配套齐，交通便利,南昌恒大城,单价13009元/平米
房东诚心出售，房屋开发商精装修好的。,南昌恒大城,单价9980元/平米
恒大湖景房！ 居家装修，真材实料，到手拎包入住！,南昌恒大城,单价10690元/平米
房东诚心出售，房屋精装修，小区物业好。,南昌恒大城,单价10425元/平米
房东诚心出售，家具家电齐全，直接可以拎包入住,南昌恒大城,单价11364元/平米
中大城 地理位置好 出门莲 一中大四房精装南北通透,南昌中大城,单价18964元/平米
客户诚心出售，朝南户型，开发商统一装修，全新硬装,南昌恒大城,单价10414元/平米
房东诚心出售绿化高环境好物业好配套齐交通方便。,南昌恒大城,单价12102元/平米
中大城精装两房 户型好 房东诚心卖 看中可谈,南昌中大城,单价12917元/平米
恒大城 精装2房 全新装修 新的家具家电,南昌恒大城,单价12346元/平米
两房朝南光线好 满五唯一无个税 拎包入住更省心,南昌恒大城,单价11073元/平米
楼层好、绿化高环境好、物业好、配套齐、交通方便。,南昌恒大城,单价10787元/平米
恒 大 城， 视野开阔的两房。,南昌恒大城,单价11382元/平米
恒大城4室2厅采光好，配套齐，交通便利，环境优,南昌恒大城,单价11599元/平米
恒大城精装三房两卫 小区环境优美 房东诚售,南昌恒大城,单价11112元/平米
恒大，南北通透配套齐全，交通便利，品牌地产,南昌恒大城,单价10438元/平米
恒大城品质正规三房 阳台朝南 开发商精装修未入住新房,南昌恒大城,单价10828元/平米
无遮无挡 中高楼层 超低价格 随时看房,南昌恒大城,单价10435元/平米
象湖，恒大城，精装三室两厅一卫,南昌恒大城,单价11651元/平米
开发商精装修，户型可以，小区环境好,南昌恒大城,单价9930元/平米
象湖，恒大城，精装三室两厅两卫,南昌恒大城,单价11375元/平米
象湖新城 人车分流好楼盘 好户型恒大城 房子优秀,南昌恒大城,单价11867元/平米
恒大城精装三房 从未入住房东诚心出售,南昌恒大城,单价10803元/平米
南北通透，阳台视野极好，全天采光,南昌恒大城,单价11907元/平米
配套齐，交通便利，人文环境好。,南昌恒大城,单价11838元/平米
恒大城六期新房出售 精装大三房 超大阳台，景观房,南昌恒大城,单价11883元/平米
精装大三房 就读豫章名校 物业环境优美,南昌恒大城,单价9927元/平米
楼层号，位置佳，配套齐，交通便利，人文环境好,南昌恒大城,单价10976元/平米
恒大城 温馨小三房 南北通透 未住精装修,南昌恒大城,单价12000元/平米
此房满五唯一 .配套齐，交通便利，人文环境好，,南昌恒大城,单价10839元/平米
此房采光好，配套齐全，交通便利，小区绿化环境不错,南昌恒大城,单价12000元/平米
恒大城精装三房诚心出售 全天太阳,南昌恒大城,单价10820元/平米
恒大城 通透三房 值 得 首  选，看房 可提前 预约！,南昌恒大城,单价10127元/平米
有大露台，视野宽阔，户型方正，采光充足。,南昌恒大城,单价11052元/平米
恒大城舒适3房，配套完善。采光好,南昌恒大城,单价11203元/平米
恒大品质楼盘  4房2卫  户型方正通透  中间楼层,南昌恒大城,单价10303元/平米
小区绿化环境好，配套齐全，楼层好，此房采光好,南昌恒大城,单价10652元/平米
房东诚心出售 ，目前房子空置的，过几天会拿钥匙来,南昌恒大城,单价9953元/平米
房东诚心出售 ，房东也蛮好说话的,南昌恒大城,单价10754元/平米
象湖新城大品牌恒大城南北通透三房开发商新房未入住,南昌恒大城,单价11340元/平米
房东诚心出售   价格可以当面谈  精装修,南昌恒大城,单价12547元/平米
恒大城湖景大三房，物美价廉，房东诚心出售,南昌恒大城,单价11100元/平米
精装三房，一线湖景，出行方便，环境优美,南昌恒大城,单价12846元/平米
全国前十物业 管理严格 楼间距宽 绿化美丽,南昌恒大城,单价11049元/平米
优质物业 小区环境好 楼层较好,南昌恒大城,单价11346元/平米
恒大城装修4房，户型通透，配套完善,南昌恒大城,单价11348元/平米
恒大城 精装通透3房 视野开阔 每天好心情 带家电家具,南昌恒大城,单价11600元/平米
恒大城精装三房，诚意出售，带全套家具家电。,南昌恒大城,单价10455元/平米
房东诚心出售，户型方正，采光充足，视野宽阔。,南昌恒大城,单价11979元/平米
精装修小三室，带独立车位，即买即住,南昌恒大城,单价12826元/平米
格局好 视野开阔 采光充足 物业好 房型好配套齐全,南昌恒大城,单价11911元/平米
房东诚心出售   楼层好视野宽广 前面无档,南昌恒大城,单价11046元/平米
恒大城精装修的2室2厅配套齐交通便利。,南昌恒大城,单价11328元/平米
楼栋位置好 前后无遮挡  业主诚心出售,南昌恒大城,单价11798元/平米
房东诚心出售，房屋精装修，没入住过,南昌恒大城,单价10398元/平米
交通便利，采光好视野广阔还有大阳台,南昌恒大城,单价11401元/平米
配套齐，交通便利。。。、、。。。,南昌恒大城,单价10081元/平米
恒大城精装修三房 户型好 配套成熟 房东诚心出售,南昌恒大城,单价11315元/平米
恒大城精装修三房 户型好 配套成熟 房东诚心出售,南昌恒大城,单价11092元/平米
",全天采光充足，配套齐全，楼层很好，精装修",南昌恒大城,单价11637元/平米
恒大城精装修，带家具，房东因置换出售,南昌恒大城,单价10728元/平米
中大城 四房两卫  视野开阔  采光好,南昌中大城,单价17227元/平米
超大面积，双层复式，房间卫生间多，适合三代同堂。,南昌中大城,单价11282元/平米
全天阳光充足，楼层佳，宜居住！！,南昌恒大城,单价11301元/平米
让你在户外，感受白云，让你在屋内，感受那份宁静,南昌恒大城,单价11398元/平米
象湖新城 人车分流好楼盘 好户型恒大城 房子优秀,南昌恒大城,单价11255元/平米
房东诚心出售 位置好生活便利 看中可小刀,南昌恒大城,单价11429元/平米
恒大城大三房，户型方正，中高楼层，采光效果好,南昌恒大城,单价12232元/平米
开发商交付，全新未入住，适合做婚房,南昌恒大城,单价12439元/平米
恒大城，精装三室拎包入住。。。,南昌恒大城,单价12628元/平米
纯新房未入住，已打好家具 拎包入住,南昌恒大城,单价10431元/平米
户型通透，采光充足，环境优美，楼层好，视野开阔,南昌恒大城,单价10921元/平米
精装 大复式 视野开阔 无遮挡 安静 税少,南昌中大城,单价18099元/平米
象湖人民都喜爱的 正规大三房 楼层好,南昌恒大城,单价10570元/平米
恒大城 3居室 前后无挡 采光好 视野开阔,南昌恒大城,单价12273元/平米
精装大四房，户型方正，格局好，采光充足！,南昌恒大城,单价9105元/平米
恒大城2室2厅，配套齐，交通便利,南昌恒大城,单价11798元/平米
象湖恒大城装修2房，楼层好，视野佳,南昌恒大城,单价11401元/平米
恒大城经典两房，楼盘新绿化好物业严，总价便宜首低,南昌恒大城,单价10620元/平米
恒大城精装两房  中高楼层  小区环境优美,南昌恒大城,单价11137元/平米
配套齐，交通便利，人文环境好。,南昌恒大城,单价12520元/平米
恒大城，精装修两室两厅一卫，拎包入住,南昌恒大城,单价10005元/平米
温馨小两房中间楼层，两房朝南，随时看房,南昌恒大城,单价12289元/平米
恒大城精装两房 中高楼层  全天太阳,南昌恒大城,单价10727元/平米
恒大城精装大2房出售，小区位置佳，视野好，带家具,南昌恒大城,单价10833元/平米
此房采光好，配套齐全，交通便利，小区绿化环境不错,南昌恒大城,单价11382元/平米
房采光好，配套齐全，交通便利，小区绿化环境不错,南昌恒大城,单价11992元/平米
矮楼层的价格买黄斤楼层的房子！！！！,南昌恒大城,单价11135元/平米
风景优美，小区自带人工湖，物业负责,南昌恒大城,单价10862元/平米
三开间朝南，中间楼层视野好，产证在手随时可签约,南昌恒大城,单价11506元/平米
像湖恒大城精装两室两厅一卫。。。。,南昌恒大城,单价11124元/平米
恒大品牌楼盘  楼间宽  视野好 精致2房,南昌恒大城,单价11247元/平米
恒大城小两居，两房朝南户型方正,南昌恒大城,单价11976元/平米
视野宽阔交通便利还有大阳台采光很好,南昌恒大城,单价11828元/平米
恒大城 三房两厅 精装修 未入住过,南昌恒大城,单价10976元/平米
恒大城3室2厅采光好，配套齐，交通便利，环境优,南昌恒大城,单价12031元/平米
房子朝南，居家小户型，新房交房标准..,南昌恒大城,单价11512元/平米
恒大城 小区环境好 地理位置也好 随时看房,南昌恒大城,单价12397元/平米
恒大城 精装修 位置好 采光不错 生活便利,南昌恒大城,单价12000元/平米
恒大城大四房精装，业主在原装修上自己改进装修,南昌恒大城,单价15212元/平米
好房急售  随时可看 诚心出售 位置好生活便利,南昌恒大城,单价10421元/平米
恒大城精装修品质华宅交通便利配套齐全,南昌恒大城,单价11778元/平米
精装三房，采光无档，近中景观区，随时看房,南昌恒大城,单价10702元/平米
恒大城精装三房，楼层视野很好，价格实惠，真实在售,南昌恒大城,单价12197元/平米
房东诚心出售，   价格可谈！,南昌恒大城,单价11500元/平米
房东诚心出售，看中价格好谈，房东很好说话。,南昌恒大城,单价12091元/平米
户型方正  出行方便   诚心出售,南昌恒大城,单价11345元/平米
此房采光好，配套齐全，交通便利，小区绿化环境好,南昌恒大城,单价11460元/平米
大四房两厅，错开通透，楼层好，位置佳。,南昌恒大城,单价14172元/平米
恒大城，精装三室，拎包入住。。。。。。。。。。,南昌恒大城,单价12170元/平米
恒大城精装三房  家具家电全带 直接拎包入住 随时看房,南昌恒大城,单价12055元/平米
此房采光好，配套齐全，交通便利，小区绿化环境不错,南昌恒大城,单价12610元/平米
房东诚心出售     ，价格可谈！,南昌恒大城,单价12202元/平米
业主自住房，装修好南北通透光线足,南昌恒大城,单价11066元/平米
此房采光好，配套齐全，交通便利，小区绿化环境不错。,南昌恒大城,单价12526元/平米
恒大城精装大三房，家具家电齐全，中间楼层,南昌恒大城,单价11022元/平米
小区绿化好，房源位置佳。格局好视野开阔 采光充足,南昌恒大城,单价10207元/平米
交通方便，户型通透，楼层好，教育资源丰富,南昌恒大城,单价11575元/平米
恒大城新出大四房 精装修 低于市场价 诚心出售,南昌恒大城,单价9788元/平米
小区绿化环境好，出入方便。人文环境好,南昌恒大城,单价11187元/平米
恒大城精装修大3房房东诚心出售！,南昌恒大城,单价11670元/平米
恒大城精装，拎包入住，视野开阔，无遮挡,南昌恒大城,单价11617元/平米
此房南北通透格局，园林式绿化。,南昌恒大城,单价12000元/平米
房子价格低 小区环境好 品质高,南昌恒大城,单价10455元/平米
恒大品牌开发商 精装修 中上楼层 诚心出售,南昌恒大城,单价12932元/平米
业主自住，精心装修，因换房，含泪甩卖,南昌恒大城,单价10496元/平米
恒大城三房两厅两卫，房东诚心出售，价格美丽,南昌恒大城,单价11835元/平米
恒大就读豫章，精装修，带品牌家具家电拎包入住！,南昌恒大城,单价13129元/平米
房东诚心出售，房屋精装修，看房提前预约,南昌恒大城,单价11925元/平米
房东诚心出售，户型方正，采光充足,南昌恒大城,单价10693元/平米
恒大城精装三房 格局较好  楼层上佳,南昌恒大城,单价11563元/平米
恒大城精装三房，家电家具齐全！,南昌恒大城,单价12312元/平米
房东诚心售卖 开发商装修 户型方正,南昌恒大城,单价11145元/平米
中大城精装两房 东端户采光好 诚心出售,南昌中大城,单价15458元/平米
象湖新城恒大城温馨两房价格美丽,南昌恒大城,单价10926元/平米
恒大城舒适2房  配套齐全 生活方便  环境好,南昌恒大城,单价10966元/平米
开发商精装修，没有住过，中间楼层,南昌恒大城,单价11075元/平米
1、小区管理严谨，干净整洁，全明户型,南昌恒大城,单价11976元/平米
采光很好有大阳台，视野宽阔，交通出行便利,南昌恒大城,单价10936元/平米
中大城70年住宅小两房  精装修  近莲一中 澄碧湖,南昌中大城,单价13873元/平米
户型方正，精装修，房贷好说话，看中就可谈。,南昌恒大城,单价10315元/平米
品牌开发商 精装大两房 随时看房,南昌恒大城,单价11640元/平米
恒大城 格局好 视野开阔 采光充足,南昌恒大城,单价11297元/平米
中大城70年产权  精装小两房 近莲一中,南昌中大城,单价13080元/平米
户型朝南，采光很好，户型端正，70年产权，交通便利,南昌中大城,单价13477元/平米
业主诚心出售，房屋产权清晰，随时可办过户手续,南昌恒大城,单价11500元/平米
业主诚心出售，房屋产权清晰，随时可办过户手续,南昌恒大城,单价11071元/平米
诚心出售 封闭式花园小区 户型通透 采光好 全天太阳,南昌恒大城,单价10717元/平米
视野宽阔，朝南，位置好的两房公寓,南昌中大城,单价12882元/平米
中大城朝南两房 采光好 房东诚心出售,南昌中大城,单价14269元/平米
旁边边有医院、超市、银行、公交、菜市场、公园,南昌中大城,单价14025元/平米
恒大城精装两房，前面无挡采光好，房东诚心出售,南昌恒大城,单价11181元/平米
恒大城好楼层 另精装修 南面无档 视野开阔 每天好心情,南昌恒大城,单价10844元/平米
恒大城南北通透3室2厅，配套齐，交通便利,南昌恒大城,单价11679元/平米
恒大城，大户型，四房，房东急售,南昌恒大城,单价11019元/平米
此房楼层好，采光足，园林绿化不错，户型好,南昌恒大城,单价10176元/平米
恒大城多变户型，可自行调整，房东诚意出售,南昌恒大城,单价9905元/平米
恒大城开发商精装交付，独门独户。开窗见绿,南昌恒大城,单价11746元/平米
本小区x缺户型 地理位置佳 交通便利好,南昌恒大城,单价10401元/平米
小区中间位置，位置好采光佳，进出方便。,南昌恒大城,单价10344元/平米
小区管理严谨，干净整洁 全明户型，方形板正,南昌恒大城,单价13051元/平米
中大城精装通透三房两卫  近莲一中,南昌中大城,单价16729元/平米
恒大城精装修品质华宅交通便利配套完善,南昌恒大城,单价12475元/平米
象湖人民都喜爱的一个花园小区出入方便配套齐全,南昌恒大城,单价11935元/平米
恒大城三房，中间位置，楼层好，通透户型,南昌恒大城,单价13125元/平米
房东诚心出售 楼层好 精装修 配套齐全,南昌恒大城,单价10528元/平米
视野开阔 采光好 配套设施齐全 交通方便,南昌恒大城,单价12012元/平米
恒大地产 你值得拥有。。。。。,南昌恒大城,单价13778元/平米
房东自买房后，一对儿女双双考上了理想大学。,南昌中大城,单价16841元/平米
户型端正 绿化好 光线无挡 业主诚心出售,南昌恒大城,单价11909元/平米
南北通透3房  视野无挡  可随时过来看房,南昌恒大城,单价11178元/平米
象湖人民都喜爱的 正规大三房 楼层好,南昌恒大城,单价11006元/平米
象湖人民都喜爱的 花园小区正规大三房 楼层好,南昌恒大城,单价11375元/平米
精装小三房 拎包入住  旁边配套成熟,南昌中大城,单价16868元/平米
房屋交通便利，阳光充足，读书方便,南昌恒大城,单价9938元/平米
恒大城通透三房，全屋精装修，直接拎包入住,南昌恒大城,单价11835元/平米
格局好  物业好 房型好配套齐全 交通便利,南昌恒大城,单价10455元/平米
就读豫章 小区环境幽美 金碧物业 管家式服务 配套成熟,南昌恒大城,单价11139元/平米
高品质婚房装修 拎包入住 业主急售,南昌恒大城,单价10963元/平米
中大城洋房，南北通透采光充足，外加车位。,南昌中大城,单价18836元/平米
小区管理严谨，干净整洁。全明户型，方形板正,南昌恒大城,单价11364元/平米
中大城 四房两卫精装 东端户 交通便利 配套齐全,南昌中大城,单价18542元/平米
品质楼盘，大开发商打造，居住环境优质,南昌恒大城,单价10570元/平米
此房房龄新，带装修准现房新房，户型方正,南昌恒大城,单价12963元/平米
此房房龄新，带装修准现房新房，户型方正、,南昌恒大城,单价11429元/平米
通透户型，楼层好，视野宽阔，交通便利，诚心出售,南昌中大城,单价11389元/平米
恒大城精装一室一厅，拎包入住。。。。。。。,南昌恒大城,单价14621元/平米
恒大城2室2厅，配套齐，交通便利,南昌恒大城,单价11932元/平米
恒大城2室2厅，配套齐，交通便利,南昌恒大城,单价10796元/平米
百米楼距拥清风阳光入怀，人车分流绿化好，全天采光,南昌恒大城,单价11411元/平米
恒大城，环境优美  物业好  生活配套齐全,南昌恒大城,单价11561元/平米
精装大两房，楼层光线好，一览无余，房东诚心出售,南昌恒大城,单价10974元/平米
恒大城自带九年义务教育  菜场商场配套齐全 精装修,南昌恒大城,单价10598元/平米
恒大城品质大盘精装修高层视野开阔户型方正交通便利,南昌恒大城,单价10796元/平米
恒大城精品两房，房东急售！！！,南昌恒大城,单价10414元/平米
恒大城精装两房，满五唯一，生活便利，房东急售,南昌恒大城,单价11050元/平米
改善型，小两房，置换房，恒大城..,南昌恒大城,单价11530元/平米
采光充足，配套齐，交通便利，阳台无挡，视野好,南昌恒大城,单价10975元/平米
格局好视野开阔，采光充足，配套齐全，交通便利。,南昌恒大城,单价10618元/平米
小区环境好，适合居住，交通便利,南昌恒大城,单价11438元/平米
恒大城 品质楼盘 环境幽美 全新装修未入住,南昌恒大城,单价12310元/平米
恒大城精装大2房 家具家电齐全 大品牌 值得信赖,南昌恒大城,单价11836元/平米
诚心出售，精装两房，户型方正，采光充足，环境优美。,南昌恒大城,单价11253元/平米
恒大城，园林建筑，自带后花园，英式管家物业,南昌恒大城,单价11298元/平米
小区管理严谨，干净整洁，全明户型，方形板正,南昌恒大城,单价11299元/平米
恒大楼盘小区环境优美交通便利房东诚心,南昌恒大城,单价11217元/平米
恒大城东门临街，繁华舒适，尽在眼下,南昌恒大城,单价12219元/平米
恒大城两房，装修时尚，通风采光效果好,南昌恒大城,单价12431元/平米
房东诚心卖滴.....3房二厅一厨一卫,南昌恒大城,单价12360元/平米
恒大城精装通透二房！房东诚心出售,南昌恒大城,单价11742元/平米
房源真实在售，房屋精装修，房屋光线较好,南昌恒大城,单价12573元/平米
房东精装自住房，拎包就可入住。,南昌恒大城,单价11414元/平米
恒大城精装通透二房！房东诚心出售,南昌恒大城,单价10724元/平米
恒大城南北通透2室，配套齐，交通便利，环境优,南昌恒大城,单价11291元/平米
恒大城2室2厅，配套齐，交通便利,南昌恒大城,单价10959元/平米
12年物业费恒大城精装修保养好三室两厅诚心出售,南昌恒大城,单价11233元/平米
位置好 间距宽 客厅方正  小区配套齐全  交通方便,南昌恒大城,单价10639元/平米
象湖恒大城精装房格局大户型宽敞,南昌恒大城,单价11625元/平米
恒大城精装大三房，看房方便，诚心出售,南昌恒大城,单价10182元/平米
环境好 地理位置也好 小区感觉舒适！,南昌恒大城,单价10704元/平米
恒大城 品质小区 精致三房 随时看房,南昌恒大城,单价10232元/平米
恒大城精装修三房  冬暖夏凉 对流空间  价格面议,南昌恒大城,单价12091元/平米
恒大精装三房，全新未入住，随时可以看房,南昌恒大城,单价11182元/平米
恒大城品质大三房 房东诚心急售,南昌恒大城,单价11754元/平米
配套齐，交通便利，人文环境好。,南昌恒大城,单价10995元/平米
房东诚心出售，房龄短，房屋精装修。,南昌恒大城,单价12154元/平米
恒大城，精装两室两厅拎包入住。。。。。。。,南昌恒大城,单价11049元/平米
品牌家具家电，恒大园林小区，婚房优选,南昌恒大城,单价10860元/平米
恒大精装修，户型通透，双阳台。,南昌恒大城,单价13020元/平米
格局好视野开阔，采光充足，配套齐全，交通便利。,南昌恒大城,单价11798元/平米
格局好视野开阔，采光充足，配套齐全，交通便利,南昌恒大城,单价11798元/平米
房东诚心出售，价格优惠，随时可看。,南昌恒大城,单价12804元/平米
品质小区 南北通透带双阳台 低于市场价诚心出售,南昌恒大城,单价10318元/平米
户型正，风景佳，楼间距宽，真实在售,南昌恒大城,单价11279元/平米
采光很好，日常配套齐全，交通教育小区绿化很好！,南昌恒大城,单价11101元/平米
全天采光充足，配套齐全，楼层很好，精装修,南昌恒大城,单价11593元/平米
此房诚心出售，楼层居中，采光极好，配套齐全,南昌恒大城,单价11537元/平米
此房诚心出售 楼层好 视野开宽 楼层居中 朝南户型,南昌恒大城,单价9859元/平米
房子采光好，交通便利有大阳台使用,南昌恒大城,单价11766元/平米
恒大城景观房，就读豫章名校，格局好视野开阔,南昌恒大城,单价10570元/平米
已满两年，三开间朝南，中高层视野开阔，景观好，,南昌恒大城,单价11618元/平米
两室两厅，精装修，家电家具齐全，,南昌恒大城,单价10470元/平米
恒大城精装   两房    房东诚售,南昌恒大城,单价11092元/平米
宜居精致大三房，价格不过万，拎包住新房,南昌恒大城,单价10167元/平米
房东急售 近莲一中 中大城 精装带家具  随时看房,南昌中大城,单价10271元/平米
小区环境好，配套齐全，生活出行购物方便,南昌中大城,单价10553元/平米
中大城 70年产权住宅   小两房,南昌中大城,单价12374元/平米
中大城  金装一房  配套成熟  视野开阔,南昌中大城,单价13006元/平米
中大城精装一室一厅    近澄碧湖 近莲一中,南昌中大城,单价12038元/平米
精装一室一厅中间楼层，视野开阔，拎包入住 近澄碧湖,南昌中大城,单价11157元/平米
"毛坯两房，通透户型，中间楼层，视野开阔,采光性好",南昌中大城,单价12250元/平米
"毛坯两房，中间楼层，视野开阔,采光性好",南昌中大城,单价12882元/平米
格局好 视野开阔 采光充足 物业好 房型好配套齐全,南昌恒大城,单价12068元/平米
70年产权住宅 可以上雪可以落沪 业主诚心出售,南昌中大城,单价13511元/平米
恒大城通透2房，温馨嘉园，直接拎包入住,南昌恒大城,单价11171元/平米
精装两房，采光好，房东诚心出售,南昌恒大城,单价11998元/平米
中大城 70年产权 两房  朝南 全天采光,南昌中大城,单价14269元/平米
本房为开发商精装修，房东未入住两房,南昌恒大城,单价11866元/平米
房东诚售 采光性和通透性都好 客厅、主卧朝南,南昌中大城,单价14304元/平米
配套齐，交通便利，人文环境好。,南昌恒大城,单价11757元/平米
小区地方优质  物业环境好   房子采光好  交通便捷,南昌中大城,单价15854元/平米
采光充足，配套齐，交通便利，人文环境好,南昌恒大城,单价11301元/平米
视野开阔 采光充足 物业好 房型好配套齐全 交通便利,南昌恒大城,单价11364元/平米
品质小区，精装两房，户型好出入方便,南昌恒大城,单价11274元/平米
此房采光好，配套齐全，交通便利，小区绿化环境不错,南昌恒大城,单价10936元/平米
景观房，楼层好，可观湖景，位置佳，配套齐,南昌恒大城,单价10736元/平米
出售精装修两房，家具家电齐全，买入即可拎包入住,南昌恒大城,单价11869元/平米
专梯专户，配套齐全，交通便利，人文环境好 采光好,南昌恒大城,单价11300元/平米
业主诚心出售，房屋产权清晰，随时可办过户手续,南昌恒大城,单价11754元/平米
好房急售，精装装修 房东诚心出售,南昌中大城,单价14428元/平米
正规彡房 精装修 小区环境好 上洪州莲一 拎包入住,南昌中大城,单价14724元/平米
恒大城精装修二房诚心出售，快快约客户看房,南昌恒大城,单价11535元/平米
中大城小两房   莲一中  一路之隔  出入方便,南昌中大城,单价14269元/平米
房东高档装修，直接拎包入住，诚心出售。,南昌中大城,单价16121元/平米
精装大三房，户型方正，格局好，采光充足,南昌恒大城,单价11057元/平米
诚心出售，不要打骚扰电话，房东平时很忙,南昌恒大城,单价10864元/平米
恒大城精装修两房，户型正规，可以拎包入住,南昌恒大城,单价11725元/平米
恒大城商铺  配套齐，交通便利,南昌恒大城,单价14546元/平米
配套齐，交通便利，人文环境好。,南昌恒大城,单价10387元/平米
恒大湖景房！ 居家装修，真材实料，到手拎包入住，,南昌恒大城,单价10407元/平米
超大平米大露台，全天采光充足，房东诚心出售,南昌恒大城,单价10910元/平米
恒大城大户型，楼层通风采光良好，房东诚心出售！,南昌恒大城,单价10274元/平米
恒大城正规2房 房东诚心出售 配套完善 采光好,南昌恒大城,单价11725元/平米
恒大城舒适3房  配套齐全 生活方便  环境好,南昌恒大城,单价11091元/平米
恒大城正规三房，绿化环境，交通便利，生活方便,南昌恒大城,单价10227元/平米
恒大城精装两房 光线无挡 户型端正,南昌恒大城,单价11496元/平米
采光好视野宽阔交通便利很大阳台,南昌恒大城,单价11468元/平米
恒大城舒适二房，配套成熟，采光好,南昌恒大城,单价11780元/平米
中大城，中间楼层采光好，户型方正，诚心出售。,南昌中大城,单价14156元/平米
中大城精装一室一厅中间楼层，视野开阔，拎包入住,南昌中大城,单价11715元/平米
小洋房中层高！户型端正！体会真正的品质生活,南昌中大城,单价17446元/平米
象湖新城恒大城两房 拎包入住 格局好配套全读书方便,南昌恒大城,单价10589元/平米
恒大城舒适三房， 配套成熟，采光好,南昌恒大城,单价12523元/平米
您今天看了这套房吗？恒大自住二房诚意出售。,南昌恒大城,单价10990元/平米
全天阳光充足，楼层佳，宜居住！！,南昌恒大城,单价11508元/平米
业主诚心出售，房屋产权清晰，随时可办过户手续,南昌恒大城,单价11264元/平米
恒大精装三房二卫，确认过眼神。方便看房,南昌恒大城,单价11133元/平米
此房采光好，交通便利，小区绿化环境很好,南昌恒大城,单价11166元/平米
毛坯小三房，电梯中层采光效果好小区环境良好诚售。,南昌中大城,单价14016元/平米
精装三房两厅两卫户型方正，采光好诚心出售,南昌恒大城,单价11944元/平米
恒大城 精装3房 业主没住过 朝南户型 采光好,南昌恒大城,单价10971元/平米
恒大城拎包入住三房两厅两卫，格局通透，诚心卖,南昌恒大城,单价11141元/平米
恒大城精装大三房，楼盘新绿化好，总价便宜！,南昌恒大城,单价11203元/平米
恒大城南北通透4室2厅，配套齐，交通便利,南昌恒大城,单价10497元/平米
买的就是大户，图的就是省心，好房子，好价格!,南昌恒大城,单价10853元/平米
恒大城精装四房，双阳台，采光充足,南昌恒大城,单价10029元/平米
精装四房，采光充足，小区环境优美,南昌恒大城,单价10166元/平米
恒大城 急售房源 位置好 生活方便 全天太阳,南昌恒大城,单价11746元/平米
恒大城精装3房，小区环境好，物业管理规范,南昌恒大城,单价10455元/平米
南北透透 楼层好 视野广 前面无挡 位置好,南昌恒大城,单价11856元/平米
楼层好 视野广 前面无挡 位置好,南昌恒大城,单价10838元/平米
房子全新  家电家具都是品牌  房屋视野好  光线佳,南昌恒大城,单价10770元/平米
配套齐，交通便利，人文环境好。,南昌恒大城,单价10916元/平米
产证在手，随时可签约，业主诚售，,南昌恒大城,单价12072元/平米
精装三房，采光无档，出入方便，随时看房,南昌恒大城,单价10570元/平米
中高楼层，东边套，看房有钥匙，开发商统一装修的风格,南昌恒大城,单价10670元/平米
山水之城，恒大城，足不出户让你享受一线湖景，,南昌恒大城,单价12010元/平米
采光充足，配套齐，交通便利，人文环境好,南昌恒大城,单价11755元/平米
全天阳光充足，视野开阔小区绿化环境很好,南昌恒大城,单价11088元/平米
恒大精装三房交通便利，视野宽阔,南昌恒大城,单价11200元/平米
象湖精装修小三房   小区环境很好  适合居住,南昌恒大城,单价11869元/平米
交通很便利，小区自带菜市场，不是很远，还有幼儿园，,南昌恒大城,单价12166元/平米
小区环境优美，楼间距开阔，居住适宜,南昌恒大城,单价11364元/平米
此房采光好，配套齐全，交通便利，小区绿化环境不错,南昌恒大城,单价10910元/平米
楼层号，位置佳，配套齐，交通便利，人文环境好,南昌恒大城,单价12800元/平米
配套设施齐全 交通便利 户型方正 使用面积大,南昌恒大城,单价10808元/平米
恒大城精装三房南北通透 全天太阳,南昌恒大城,单价11548元/平米
恒大城精装修两房，房东诚售，有缘的客户还能打折,南昌恒大城,单价10796元/平米
视野开阔 采光足 物业好  目前有四五年物业费不用出,南昌恒大城,单价11019元/平米
房东诚心出售     ，价格可谈！,南昌恒大城,单价11563元/平米
房屋精装修，现在房东诚心出售。,南昌恒大城,单价11683元/平米
交通很便利，小区自带菜市场，不是很远，还有幼儿园，,南昌恒大城,单价13484元/平米
恒大婚房装修，精装四房，小区景观区域,南昌恒大城,单价11000元/平米
房东诚心出售，精装修，大家多多推荐,南昌恒大城,单价13505元/平米
地理位置好   家具齐全  可直接拎包入住,南昌恒大城,单价11182元/平米
恒大城精装两居室，有装修，业主自住，户型方正,南昌恒大城,单价11875元/平米
恒大城南北通透4室2厅，配套齐，交通便利,南昌恒大城,单价10274元/平米
房型正，风景佳，精装修，南北通透,南昌恒大城,单价11829元/平米
恒大城正规2房 房东诚心出售 配套完善 采光好,南昌恒大城,单价11500元/平米
房东诚心出售，小区环境好，配套齐全。,南昌恒大城,单价11348元/平米
专梯专户，配套齐，交通便利，人文环境好,南昌恒大城,单价11384元/平米
恒大城品质小区 环境好楼间距大 大三房 两南一北户,南昌恒大城,单价11213元/平米
恒大城三房二卫，诚意出售。欢迎来电咨询,南昌恒大城,单价10630元/平米
恒大城  精装三房 视野开阔，间距宽,南昌恒大城,单价10368元/平米
恒大城精装三房出售，中间层，已提前看本房,南昌恒大城,单价11887元/平米
恒大城精装修品质华宅交通便利配套完善,南昌恒大城,单价11661元/平米
恒大城  三房两厅 精装修 花园式小区,南昌恒大城,单价11030元/平米
户型好 楼层好 视野广 前面无挡 位置好,南昌恒大城,单价10734元/平米
专梯专户，配套齐，交通便利，人文环境好,南昌恒大城,单价10570元/平米
配套齐，交通便利，人文环境好。,南昌恒大城,单价10670元/平米
精装小公寓，再售也能租，价格好谈,南昌中大城,单价14864元/平米
采光充足，配套齐，交通便利，人文环境好,南昌恒大城,单价11865元/平米
恒大品质，物业好，视野开阔 采光好 配套设施齐全,南昌恒大城,单价11396元/平米
房东诚心出售，配套齐全，交通便利。,南昌恒大城,单价10424元/平米
恒大城4室2厅，配套齐，交通便利 小区环境优美,南昌恒大城,单价11000元/平米
采光好有阳台出行便利小区内有活动区,南昌恒大城,单价11780元/平米
恒大城象湖热门小区 绿化好 读豫章,南昌恒大城,单价12306元/平米
恒大城精装三房，家具家电全带，配套齐全！户型好,南昌恒大城,单价11302元/平米
视野开阔 采光充足 物业好 房型好配套齐全 交通便利,南昌恒大城,单价10854元/平米
房东诚心出售此房两房格局楼层视野好,南昌恒大城,单价10923元/平米
中大城 朝南两房 视野开阔 环境优美,南昌中大城,单价14170元/平米
恒大城精装三房，业主诚心出售，位置好，生活方便，,南昌恒大城,单价12381元/平米
恒大城精装2居住，通透户型 交通便利,南昌恒大城,单价11849元/平米
房子采光好，配套齐全，交通便利，小区绿化环境不错,南昌恒大城,单价11662元/平米
恒大城  刚需过度的看过来 两房让您发现体验生活的美,南昌恒大城,单价12135元/平米
恒大城全新装修自住大三房，等待您的莅临,南昌恒大城,单价12319元/平米
恒大城开发商精装修，两房，房东诚心出售！价格美丽,南昌恒大城,单价11035元/平米
朝南户型，中上楼层，视野开阔  看房随时,南昌恒大城,单价11789元/平米
业主诚心出售，房屋产权清晰，随时可办过户手续,南昌恒大城,单价10631元/平米
中大城精装一房适合投兹、自住、陪读、过渡 等您来撩,南昌中大城,单价12922元/平米
经典小户型中大城70年产权有产证 朝南,南昌中大城,单价14000元/平米
房子诚心出售又需要联系我本人看房子,南昌恒大城,单价11380元/平米
业主诚心出售，房屋产权清晰，随时可办过户手续,南昌恒大城,单价11195元/平米
标准三房，小区环境优美，适合老人小孩年轻人的居住,南昌恒大城,单价11931元/平米
好房急售，随时可看，房东诚心出售！,南昌恒大城,单价11195元/平米
精装修 通透三房 教育，超市，娱乐，交通等配套齐全,南昌中大城,单价16046元/平米
房屋精装修，户型好。。。。。。,南昌恒大城,单价11819元/平米
房子阳光充足，视野开阔，可正常交易,南昌恒大城,单价11925元/平米
桃苑大街南昌外国语旁单位小区通透三房,江西公安高等专科学校桃苑住宅小区,单价12624元/平米
南昌二中一路之隔，二号线鹰潭街站，医院，通透,绿地国际博览城二期博隆,单价17081元/平米
"绿地大品牌开发的,就读南昌二中小区环境优美",绿地国际博览城二期博浩,单价15786元/平米
南昌西站旁，位置好，价格实惠，户型方正,西站瑞都,单价10736元/平米
南昌经开区丽景苑通透三房干净整洁交通方便,丽景苑,单价8261元/平米
就读南昌二中   房东诚心出售  房东蛮好说话的,绿地国际博览城二期博浩,单价16532元/平米
南昌市湾里区梅岭风景区山脚下好房出售,乾茂山庄,单价9122元/平米
南昌县江铃底特律两房 地铁口BRT快线直达小区生活方便,江铃底特律新城,单价9792元/平米
西站瑞都85平米 两房朝南 近南昌西站,西站瑞都,单价11215元/平米
桃苑南昌外国语旁小区通透一房房东诚售,桃苑龙泽园,单价12424元/平米
房东以后就不来南昌发展了，急售！急售！！看房方便,羊子巷,单价10026元/平米
南昌大学旁 出门就是天虹 繁华地段 出入方便诚心出售,金球小区,单价10997元/平米
南昌市的老洋房交通便利地铁口全天太阳,扁担巷,单价11963元/平米
南昌老城市区 繁华地段 顺外路旁 玉带河畔 品质小区,中海御锦公馆,单价17999元/平米
南昌象湖新城真房实价，省心省时省力,丰源·淳和,单价10776元/平米
南昌象湖新城真房实价，省心省时省力,居住主题公园-枫林美庐,单价11522元/平米
南昌象湖新城真房实价，省心省时省力,居住主题公园-凯旋银座,单价9211元/平米
南昌象湖新城真房实价，省心省时省力,居住主题公园-凯旋银座,单价8570元/平米
南昌万达文化旅游城  南北通透  房型方正,万达文化旅游城C区,单价13158元/平米
南昌象湖新城真房实价，省心省时省力,居住主题公园-凯旋银座,单价8832元/平米
南昌西站旁  户型方正，采光好，安静不临街,正荣润园,单价13525元/平米
南昌奥林匹克花园，真实房源，真实价格,江西奥林匹克花园,单价10000元/平米
南昌县 银河城 毛坯洋房 房东诚心售,力高君御世家,单价8730元/平米
南昌县 莲塘 毛坯小高层诚心出售,力高君御世家,单价9753元/平米
南昌县 低单价 好房等你抢 房东诚心出售,梨园小区,单价4851元/平米
南昌县 品牌房企打造 大三房两卫 房东急售,南部美的城,单价9122元/平米
南昌西站隔壁西站瑞都正规三房出售 随时看房,西站瑞都,单价12677元/平米
九龙湖 地铁四号线 双出口 南昌西站旁,新力琥珀园一期,单价14216元/平米
南昌县莲塘路通城邦 门口菜场 公交站台 加油站,路通城邦小区,单价9556元/平米
南昌经开区吉都居两室两厅得房率高，带一个储藏室。。,洪刚吉都居小区,单价8140元/平米
：商场有西湖万达广场，九州天虹商场，南昌华侨城,正荣十里江山,单价22989元/平米
运动就在家门口给你一个五星的家充满回忆的南昌城,奥林匹克大厦,单价10000元/平米
南昌市      东湖区       胜利名座,胜利名座,单价10760元/平米
南昌万达文化旅游城 户型方正 阳光无挡,万达文化旅游城D区,单价14529元/平米
南昌象湖新城真房实价，省心省时省力,象湖里九里象湖城,单价10284元/平米
学府公馆地段佳，靠南昌市委党校，采光好,绿地学府公馆,单价11912元/平米
南昌县莲塘 近澄碧湖 出门散步游玩方便,王家社区,单价10800元/平米
南昌县莲塘近三小 出行方便 近澄碧湖,梦里水乡,单价11655元/平米
南昌县    紫阳花园   房东诚心出售,紫阳花园,单价8441元/平米
"南昌县.
君悦府.采光充沛，视野宽阔",君悦府,单价14546元/平米
满五唯一 南昌三中旁 新城吾悦广场旁,龙江花园,单价11722元/平米
南昌县江铃底特律 业主诚心放卖 看房方便,江铃底特律新城,单价10815元/平米
南昌孺子三中后！生活便利！诚心出售！,龙江花园,单价14590元/平米
南昌县恒大绿洲 精装修  房东自住两年 现在置换,恒大绿洲四期,单价9322元/平米
南昌市湾里区磨盘山8号小区房东诚意出售,磨盘山8号,单价9796元/平米
南昌市湾里区梅岭风景区山脚下好房出售,保利半山国际檀香湾畔,单价10850元/平米
南昌市湾里区梅岭风景区山脚下好房出售,保利半山国际诺森伯兰,单价9635元/平米
经开南昌十中旁品质小区 高绿化 绿地悦公馆,绿地悦公馆,单价12137元/平米
天高进士第麦园景苑南昌二中旁通透三室两厅低价出售,天高进士第,单价6960元/平米
南北通透2房 育新+南昌二中 紧靠绿茵路地铁,南坊机小区,单价20637元/平米
南昌市湾里区梅岭山脚下好房出售,金佳云舒花城,单价8878元/平米
南昌县.君悦府.南.北通透.户型方正,君悦府,单价16854元/平米
南昌外国语旁桃苑小区通透实用三房,桃苑龙泽园,单价11827元/平米
南昌市湾里区梅岭山脚下好房出售,湾上首座,单价9487元/平米
配套设施齐全，环境幽静，南昌高新医院。,爵士馆,单价13767元/平米
南昌新建经开区九龙帝景湾3房精装82万急售,九龍▪帝景湾（九龙帝景湾）,单价9458元/平米
南昌市湾里区梅岭山脚下好房出售,龍森山居,单价9052元/平米
南昌县世纪星城 三房两卫 前后空旷 位置很好,世纪星城,单价5835元/平米
业主诚心出售，长住北京，南昌这房子不住了,东华锦城,单价20239元/平米
南昌经开区青秀城 通透3房视野开阔随时看房,中国铁建青秀城,单价9245元/平米
南昌经开区绿地悦公馆近地铁大三房配套齐全交通便利,绿地悦公馆,单价11135元/平米
南昌县莲塘路通城邦 门口菜场 公交站台,路通城邦小区,单价8824元/平米
南昌市湾里区梅岭风景区山脚下好房出售,香逸熙园,单价8961元/平米
南昌县江铃底特律三房 地铁口BRT快线直达小区生活方便,江铃底特律新城,单价10158元/平米
单价一万 南昌十中 旭辉广场 花园小区,绿地悦公馆,单价10941元/平米
南昌市湾里区梅岭风景区山脚下好房出售,绿地悦澜湾,单价10224元/平米
南昌象湖新城真房实价，省心省时省力,嘉和里九里象湖城,单价11124元/平米
南昌象湖新城奥林匹克花园真实房源真实价钱,江西奥林匹克花园,单价9918元/平米
南昌象湖新城真房实价，省心省时省力,居住主题公园-象湖南郡小区,单价11468元/平米
南昌县象湖新城，真实房源，真实价格。,居住主题公园-丁香怡景多层,单价9492元/平米
南昌象湖新城九里象湖城真实房源真实价钱,九里坊九里象湖城,单价10347元/平米
南昌象湖新城奥林匹克花园真实房源真实价钱,江西奥林匹克花园,单价9663元/平米
非南昌户口也可买 毛坯两房*三房 看中可谈,江西奥林匹克花园,单价11062元/平米
西站瑞都 近南昌西站采光好，视野佳,西站瑞都,单价10339元/平米
西站瑞都优质房源，南昌西站旁.房东诚心出售.,西站瑞都,单价11515元/平米
非南昌户籍可买 毛坯大四房带露台 象湖人流汇聚地,幸福时光一期,单价11189元/平米
房东诚售2室 付10来万住南昌,上海新城小区,单价4973元/平米
南昌象湖新城真房实价，省心省时省力,江西奥林匹克花园,单价12230元/平米
南昌象湖新城真房实价，省心省时省力,居住主题公园-凯旋银座,单价10314元/平米
南昌象湖新城真房实价，省心省时省力,象湖里九里象湖城,单价11141元/平米
南昌西站旁 交通方便  户型方正 自住精装修,明园九龙湾,单价24823元/平米
南昌象湖新城真房实价，省心省时省力,江西奥林匹克花园,单价9877元/平米
南昌县 银河城 公园旁 毛坯洋房出售,力高君御世家,单价7914元/平米
南昌西站旁，产证已经办好，精装修，业主诚意出售,九龙十一度,单价18078元/平米
南昌万达文化旅游城N区 景观全明三房  通透,万达文化旅游城N1区,单价12006元/平米
南昌县  象湖区  居住主题公园   房东诚心出售,居住主题公园-丁香怡景多层,单价11236元/平米
南昌西站边上、站前路旁的房源房东诚心出售,九珑府,单价13022元/平米
南昌西站旁的精装修三房诚心出售，随时看房,九珑府,单价11066元/平米
金 牌物业南昌西站旁 近地铁口 品质小区,新力龙湾二期,单价14479元/平米
叠山路一房 精装修 近南昌商场  配套齐全,叠山路,单价10471元/平米
南昌万达文化旅游城  诚心出售   出门万达游乐园,万达文化旅游城D区,单价13239元/平米
南昌象湖新城真房实价，省心省时省力,伟梦清水湾,单价10329元/平米
洪客隆英伦联邦 英伦风格 顶楼复式 鸟瞰南昌,洪客隆英伦联邦,单价16087元/平米
朝阳玛雅乐园旁  南昌动物园 象湖公园风景,朝阳天成,单价14316元/平米
南昌市西湖区滨江明珠交通便利地铁近,滨江明珠,单价15012元/平米
南昌市湾里区乾茂山庄小区花园洋房,乾茂山庄,单价7330元/平米
南昌市湾里区梅岭风景区山脚下好房出售,保利半山国际檀香湾畔,单价6964元/平米
南昌市湾里区乾茂山庄小区花园洋房,乾茂山庄,单价8203元/平米
南昌市湾里区乾茂山庄小区花园洋房,乾茂山庄,单价6370元/平米
南昌县莲塘星洲国际  三室两厅  小区环境优美,星洲国际,单价13290元/平米
南昌市湾里区梅岭山脚下好房出售,乾茂山庄,单价8969元/平米
南昌市湾里区梅岭山脚下好房出售,永惠漫谷,单价9359元/平米
桃苑大街 南昌外国语旁 通透一房 近抚河,桃苑一区,单价10507元/平米
南昌马尔代夫，天然氧吧，无死角湖景房自己装修设计,城泰凡尔赛宫,单价12076元/平米
南昌市湾里区梅岭山脚下好房出售,洪恒山庄,单价6667元/平米
南昌经开区农业大学通透两房校园环境优美干净整洁,金桂苑住宅小区,单价10000元/平米
南昌科技师范大学通透两房环境优美拎包入住,江西科技师范大学,单价9711元/平米
南昌青云谱火电小区东区低价格房源业主诚心出售,江西火电东苑住宅小区,单价10423元/平米
南昌县. 君悦府.3室2厅.精装,君悦府,单价16826元/平米
南昌县. 煌盛公园..3室2厅,煌盛中央公园,单价12500元/平米
南昌县    紫阳花园  房东诚心出售·,紫阳花园,单价11126元/平米
南昌市湾里区梅岭风景区山脚下好房出售,竹林花园,单价5715元/平米
南昌东湖区青山路阳明路智通悦蓝山,智通悦蓝山,单价13554元/平米
南昌市湾里区梅岭风景区山脚下好房出售,香逸熙园,单价11107元/平米
南昌市湾里区梅岭风景区山脚下好房出售,云景苑,单价8356元/平米
南昌县星港湾花园 交通便利，配套成熟，购物生活方便,星港湾花园,单价10113元/平米
南昌西站旁 双地铁口 品质小区 金 牌物业,新力琥珀园一期,单价16293元/平米
南昌西站旁，小区管理严谨，绿化好，出行便利,容州港九城,单价10090元/平米
南昌市湾里区梅岭山脚下好房出售,乾茂山庄,单价8889元/平米
桃花苑商住小区的小区管理好， 南昌外国语旁,桃花苑商住小区,单价13365元/平米
南昌后花园、精装电梯大三房，山景优美、天然氧吧,永惠漫谷,单价8588元/平米
桃苑大街 南昌外国语旁 精装复式 带露台,苑中园小区,单价13530元/平米
南昌市湾里区梅岭山脚下好房出售,九洲铭城,单价9375元/平米
南昌市湾里区梅岭山脚下好房出售,帝景湾洋城,单价8568元/平米
南昌市湾里区梅岭山脚下优质小区,香逸熙园,单价10045元/平米
地铁口  南昌大桥旁  精装修  皇冠国际  电梯房,皇冠国际花园,单价18818元/平米
抚生路近地铁四号线南昌大桥站(在建中)单位房三房,江西袜厂住宅小区,单价11560元/平米
江大南路  荣昌新苑住宅小区 3房紧靠南昌大学,荣昌新苑住宅区,单价12026元/平米
万科金域国际南昌十中南天金源绿地悦公馆旁房东急售,万科金域国际,单价13341元/平米
桃苑大街南昌外国语旁单位小区通透复式三房,江西公安高等专科学校桃苑住宅小区,单价11099元/平米
双地铁口交通便利，就读南昌2中和育新！,红谷世纪花园A区,单价25805元/平米
房东诚售读南昌三中保利东湾国际得房率高精装三房,保利东湾国际,单价15169元/平米
南昌县莲塘路通城邦  原房东装修带家电  房东诚售,路通城邦小区,单价7325元/平米
南昌大学   环境优美   日月明小区 品质小区,日月明小区,单价10991元/平米
南昌外国语旁桃苑桃花路小区干净整洁通透三房,桃花苑商住小区,单价10517元/平米
南昌市湾里区梅岭山脚下好房出售,龍森山居,单价8381元/平米
精装通透3房2卫，步行可达站前路，南昌一中、,华润橡树湾橡府,单价18622元/平米
南昌市湾里区梅岭山脚下好房出售,磨盘山8号,单价10117元/平米
大四房，得房率高，南昌三中旁，保利品质物业，急,保利东湾国际,单价15069元/平米
南昌县莲塘路通城邦  实用面积大  小区出入口位置,路通城邦小区,单价7657元/平米
抚河桥旁 南昌市外国语旁 全天太阳  两房朝南,朝阳（洲）中路,单价9972元/平米
南昌大学一附院旁的 通透三房，,锦竹幸福里,单价12146元/平米
配套成熟，交通便利，南昌CBD，买到即是赚到,天赐良园,单价18249元/平米
地铁口，梦时代旁，南昌大学前面,康乐住宅区,单价11662元/平米
南昌经开区南天金源通透三房精装拎包即可入住,南天金源,单价17709元/平米
南昌经开区万科金域国际精装三房配套齐全拎包入住,万科金域国际,单价13637元/平米
房东诚心出售，儿子要到南昌卖房，房子价格可谈,锦绣江南花园社区,单价10314元/平米
万科金域国际南昌十中南天金源绿地悦公馆旁房东急售,万科金域国际,单价13209元/平米
经开绿地悦公馆高档小区，南昌十中旁小区环境优美,绿地悦公馆,单价11137元/平米
户型方正，房东在外地长期不在南昌，所以诚心出售,解放西路计算机厂宿舍,单价9574元/平米
南昌经开区洪刚吉都居通透三房交通便利,洪刚吉都居小区,单价8562元/平米
南昌经开区青岚嘉园配套齐全物业费低拎包即可入住,青岚嘉园,单价10811元/平米
永叔路，地铁口，南昌一中，精装修。,永叔路,单价12544元/平米
一线江景 南昌二环线 全新装修 拎包入住,紫阳花园,单价12891元/平米
南昌市湾里区梅岭风景区山脚下好房出售,香逸熙园,单价9515元/平米
南昌经开区英伦联邦精装通透三房交通便利配套齐全,洪客隆英伦联邦,单价17392元/平米
青山湖万达旁   交通便利   近南昌东站   精装两房,东城一品,单价12580元/平米
乐贝特幼儿园江西广电正大旅游商贸 南昌神舟,兴国路七二O厂,单价8026元/平米
南昌经开区青秀城近地铁交通方便环境优美。,中国铁建青秀城,单价12020元/平米
南昌象湖新城真房实价，省心省时省力,翰林里九里象湖城,单价11574元/平米
南昌象湖新城真房实价，省心省时省力,居住主题公园-牡丹香园,单价9060元/平米
低总价 小面积住宅 近南昌西站 急售,风雅蓝山,单价8079元/平米
学府公馆地段佳，靠南昌市委党校，品牌开发商,绿地学府公馆,单价11683元/平米
南昌莲塘仁兴现代城 洪洲优质房 看房找左坦程,仁兴现代城,单价8938元/平米
地段繁华，隔壁就是南昌三中，，全天太阳,博泰生命树,单价11845元/平米
小区 2号线翠苑路站，直达万达广场，南昌西站,地中海阳光,单价22247元/平米
南昌象湖新城真房实价，省心省时省力,象湖里九里象湖城,单价12947元/平米
南昌 地铁四号线旁 精装  金 牌物业 新力物业,新力琥珀园二期,单价12367元/平米
南昌西站、站前路旁的三房、房东诚心出售,隆祥苑,单价12986元/平米
象湖新城南昌居住主题公园枫丹白鹭房东诚心卖,居住主题公园-枫丹白鹭,单价9575元/平米
交通便利南昌一附属医院旁，户型方正,银城江畔,单价10649元/平米
南昌县力高君御世家  物业绿化好  交通方便,力高君御世家,单价9046元/平米
南昌西站旁 户型方正 采光充足 业主诚心出售,正荣润园,单价15205元/平米
南昌大桥赣江边 户型正规 价格实惠 配套成熟,万达华府,单价19972元/平米
青山湖万达旁.交通便利.近南昌东站,东城一品,单价7008元/平米
南昌市湾里区梅岭风景区山脚下好房出售,紫庐6号,单价7296元/平米
南昌市湾里区梅岭风景区山脚下好房出售,保利半山国际檀香湾畔,单价7516元/平米
桃苑大街 南昌外国语旁 振中小区 精装一房,振中小区,单价14133元/平米
南昌二十八中  精装修两房 有钥匙 看房方便,阳光家园C区,单价9496元/平米
南昌经济开发区丽景苑房东急售精装拎包入住,丽景苑,单价8978元/平米
南昌市湾里区梅岭风景区山脚下好房出售,洪恒山庄,单价7865元/平米
南昌万达文化旅游城 万达茂游乐场   海洋乐园,万达文化旅游城D区,单价14050元/平米
南昌市经开区青岚大道南天阳光西区。,南天阳光西区,单价12240元/平米
"南昌县，
正荣大湖之都蓝，3室2厅",正荣大湖之都蓝汀岸,单价9689元/平米
桃苑大街南昌外国语旁开放式小区通透两房朝南,振中小区,单价9639元/平米
全天太阳，南昌二中，诚心出售 紫阳大道 艾溪湖东,绿地新都会,单价14106元/平米
南昌外国语旁 桃苑大街临抚河公园通透两房,桃苑社区二区,单价12768元/平米
佑营街路口 阳明公园旁 中间楼层南昌晚报宿舍,象山北路,单价10947元/平米
南昌县  正荣蓝汀岸三房在售...,正荣大湖之都蓝汀岸,单价10411元/平米
南昌金域华府 中高层边端户 点击看户型图,金域华府,单价12751元/平米
地段佳，南昌大学，省政府旁，视野好,绿地学府公馆,单价10799元/平米
青山湖社区  玉带河畔 南昌大学梦时代旁,青山湖社区,单价11013元/平米
桃花苑商住小区房  南昌外国语旁,桃花苑商住小区,单价12663元/平米
南昌西站 地铁口 洋房 大品牌 品质小区,新力琥珀园一期,单价17008元/平米
南昌市   东湖区     胜利路   大士院街,大士院街,单价10618元/平米
南昌市湾里区梅岭山脚下好房出售,磨盘山8号,单价9500元/平米
物业，南昌本地开发商，，新力物业，责任,新力琥珀园一期,单价15281元/平米
南昌动物园旁  朝阳天成小区  享受华侨城配套,朝阳天成,单价14730元/平米
上海新城，超大复式，南昌南高铁站已定，地铁三号线,上海新城小区,单价2981元/平米
经济开发区南昌理工学院旁金牛小区,金牛小区,单价7907元/平米
近南昌大桥，赣江公园旁，交通便利   免费停车,农业局宿舍（万福寺19号）,单价9417元/平米
南昌大型商场旁 中间楼层 全天太阳 房东急售,建苑小区,单价10986元/平米
南昌市湾里区梅岭山脚下好房出售,磨盘山8号,单价9734元/平米
南昌经开区蛟桥镇近地铁通透两房采光充足拎包入住,江拖分厂生活区,单价7245元/平米
江大南路 青山湖社区 南昌大学 梦时代旁,青山湖社区,单价12500元/平米
南昌经开区双港东大街近地铁通透两房拎包即可入住,双港东大街棉麻公司综合楼住宅楼,单价8692元/平米
象湖小区，过马路就是南昌建材大市场，去沃尔玛方便,建京社区,单价10332元/平米
南昌二十八中 精装两房 家具家电齐全！,阳光家园B区,单价12223元/平米
朝阳比较新的楼盘，两房朝南旁边是南昌未来的世界之窗,朝阳天成,单价14897元/平米
南昌经开区青秀城近地铁交通便利配套齐全,中国铁建青秀城,单价9953元/平米
香缇溪岸精装两房房东自住居家装修近南昌东站,香缇溪岸,单价13101元/平米
南昌市小户型5楼精选有太阳可领包,裘家厂住宅区,单价10806元/平米
南昌市湾里区梅岭风景区山脚下好房出售,磨盘山8号,单价12011元/平米
小区位于南昌西 一个红绿灯的距离。通行便利,红谷瑞仕城际广场,单价12122元/平米
南昌万达文化旅游城  楼层好视野广  万达茂海洋乐园,万达文化旅游城D区,单价14124元/平米
南昌县莲塘 标准两房 南北通透 中间楼层,晨晖金谷,单价9793元/平米
南昌万达文化旅游城 地铁口 育新为邻  随时可看房,万达文化旅游城A2区,单价14036元/平米
天高进士第麦园景苑南昌二中旁通透三室两厅低价出售,天高进士第,单价10598元/平米
江西省南昌市湾里区保利半山檀香湾畔,保利半山国际檀香湾畔,单价10824元/平米
南昌市湾里区梅岭风景区山脚下好房出售,保利半山国际檀香湾畔,单价7738元/平米
南昌县江铃底特律三房 地铁口BRT快线直达小区生活方便,江铃底特律新城,单价9804元/平米
南昌二十八中旁 精装修两房 看房方便！,福祥家园,单价12168元/平米
出门就是地铁口，近梦时代，南昌大学前。,康乐住宅区,单价8622元/平米
南昌的后花园，天然氧吧，空气清晰，洪崖丹井旁小区,紫庐6号,单价6043元/平米
南昌君悦府高品质小区 中间楼层 随时可以看房,君悦府,单价14640元/平米
南昌县莲塘四海丰盛旁 毛坯房 中间楼层 看房方便,莲塘中大道,单价7000元/平米
东方航空单位宿舍，南昌主干道交叉口，地铁口,东航宿舍,单价11932元/平米
南昌市湾里区梅岭山脚下好房出售,九洲铭城,单价9504元/平米
南昌县 江铃瓦良格 四室两厅两卫,江铃瓦良格,单价9354元/平米
地段佳，靠南昌市委党校，品牌开发商,绿地学府公馆,单价13279元/平米
交通便利南昌一附属医院旁户型方正,银城江畔,单价9945元/平米
南昌县路通城邦 温馨简约的三房 花园社区,路通城邦小区,单价10427元/平米
南昌县 象湖区 枫林美庐 毛坯  房东诚心出售,居住主题公园-枫林美庐,单价11262元/平米
南昌西站旁 通透三房采光好 房东诚售,正荣润园,单价13813元/平米
南昌县莲塘 锦绣365 的房子里面有人住过  中间楼层,锦绣365,单价11791元/平米
南昌市     东湖区        胜利路        大士院,大士院住宅二区,单价12335元/平米
青山湖万达旁，交通便利，近南昌东站，精装两房,东城一品,单价11112元/平米
湾里小区天然的氧吧，南昌后花园，出门就是景区,紫庐6号,单价6000元/平米
中产国际位于南昌县区澄湖中路。。。。。,中产国际,单价6273元/平米
南昌市莲塘玺园 三房两卫精装 出门观湖,玺园北区,单价20800元/平米
花园楼梯洋房 象湖新城 非南昌户口也可买,江西奥林匹克花园,单价11900元/平米
红谷滩中南昌二中成熟配套联泰品质随时看房,联泰香域中央（A区和B区）,单价23260元/平米
红谷滩配套，双地铁，育新，南昌二中拎包入住,现代铭园,单价25403元/平米
南昌市湾里区梅岭风景区山脚下好房出售,保利半山国际诺森伯兰,单价8440元/平米
南昌市湾里区梅岭风景区山脚下好房出售,九洲·依云郡,单价6953元/平米
南昌市英雄经济开发区英雄大道  领秀公馆公寓,领秀新天地,单价6000元/平米
南昌市英雄经济开发区英雄大道  领秀公馆公寓,领秀新天地,单价5565元/平米
九湾新城门口就是南昌28中 社区配套齐全,金佳云舒花城,单价9464元/平米
新力龙湾 新力品质 全南昌数一数二的绿化物业,新力龙湾,单价13602元/平米
南昌市湾里区梅岭山脚下好房出售,颐澜湾小区,单价7734元/平米
朝阳小区是南昌的老小区，你懂的,朝阳小区,单价11000元/平米
南昌市湾里区梅岭山脚下好房出售,合一中央城,单价7502元/平米
南昌市湾里区梅岭山脚下好房出售,乾茂山庄,单价9142元/平米
南昌市湾里区梅岭山脚下好房出售,乾茂山庄,单价8540元/平米
南昌市湾里区梅岭山脚下好房出售,九洲画意居,单价5829元/平米
南昌县梦里水乡澄碧湖小区 看房可找左坦程,梦里水乡,单价12825元/平米
南昌市湾里区梅岭山脚下好房出售,磨盘山8号,单价9589元/平米
南昌市湾里区梅岭山脚下好房出售,洪恒山庄,单价7804元/平米
南昌市英雄经济开发区英雄大道领秀公馆公寓,领秀新天地,单价5814元/平米
南昌市经开区 新建区英雄大道领秀新天地,领秀新天地,单价7732元/平米
经开区麦园景苑91平精装2房86万 可以在南昌二中,天高进士第,单价9451元/平米
南昌市湾里区梅岭山脚下好房出售,香逸熙园,单价9789元/平米
南昌市湾里区梅岭山脚下好房出售,香逸熙园,单价11761元/平米
南昌西湖区江电小区小户出售!!!!!,江电小区,单价9509元/平米
南昌县体育馆小区精装两房 安静舒适 阳光充足通风好,体育馆社区,单价8905元/平米
房源配套交通等位于红谷滩地段，南昌市政府旁,江信国际花园,单价10583元/平米
南昌二十八中 精装修两房 房东诚心出售,阳光家园C区,单价11462元/平米
位于南昌象湖新城八月湖路，配套齐全，出行便捷,西区公寓,单价12457元/平米
江中御墅南昌二十八旁交通便利房东诚意出售随时看房,江中御墅,单价10654元/平米
南昌市湾里区梅岭风景区山脚下好房出售,金佳云舒花城,单价9013元/平米
（安家）必看，拎包入住，位置好，钥匙房，物业严；,南昌恒大华府,单价19884元/平米
安居小区 简单装修 采光足 视野好 南北户型,安居小区(南昌县),单价7618元/平米
此房源户型通透，楼层好，业主随时和签约,安居小区(南昌县),单价9058元/平米
安居小区，三居室，楼梯房，房东急售。,安居小区(南昌县),单价9124元/平米
幸福庄园刚需两房  两卧皆朝南 全天都有阳光伴随,安居小区(南昌县),单价8334元/平米
恒大华府 实用大三房 精装交付 太阳无忧 可随时看房,南昌恒大华府,单价20832元/平米
澄碧湖旁两房朝南的户型   带储藏间,安居小区(南昌县),单价8042元/平米
莲塘安居小区位置安静舒适 客厅卧室方正通透空间合理,安居小区(南昌县),单价9750元/平米
安居小区 三房两厅 南北朝向 出门澄碧湖 体育馆菜市场,安居小区(南昌县),单价7965元/平米
此房通透 户型方正 里面的实际面积大,安居小区(南昌县),单价8638元/平米
莲塘五一路桥头旁，依山傍水好房,南昌农机宿舍,单价6511元/平米
精装修拎包入住，地段好，配套完善，,南昌恒大华府,单价24112元/平米
小区房型通风，全天采光，楼层好,安居小区(南昌县),单价8030元/平米
业主诚心出售，视野开阔，户型方正，品质楼盘有保障,南昌恒大华府,单价23361元/平米
安居小区  生活方便  交通便利,安居小区(南昌县),单价8449元/平米
安居小区靠澄碧湖，位置好楼层低价格便宜精装三房,安居小区(南昌县),单价12324元/平米
安居小区精装房 房东诚心出售 交易方便 可放心购买,安居小区(南昌县),单价7998元/平米
安居小区地段好，出门就是澄碧湖公园,安居小区(南昌县),单价10123元/平米
此房满五唯一，格局好，楼层好，配套设施齐全,安居小区(南昌县),单价7258元/平米
安居小区装修保养很好 可以拎包入住,安居小区(南昌县),单价8959元/平米
安居小区标准两房，户型方正，交通便利，购物生活方便,安居小区(南昌县),单价8909元/平米
南京东路南昌大学50米  交通便利  出行方便  急售,金球小区,单价11010元/平米
新省府旁 靠南昌市委党校，品牌开发商 环境舒适,绿地学府公馆,单价11947元/平米
桃苑大街南昌外国语旁单位小区通透三房有储藏间,江西公安高等专科学校桃苑住宅小区,单价13290元/平米
临靠梦时代、南昌大学商圈 谢家村地铁口 交通方便,青山湖社区,单价11206元/平米
南昌大学 梦时代商圈 出入方便 阔大3房 业主诚售,青山湖社区,单价10630元/平米
江景房南昌之星摩天轮旁 交通方便 出门就是南大双校,联发江岸汇景,单价18949元/平米
桃苑大街 南昌外国语旁 振中小区 两房朝南 全天太阳,振中小区,单价11014元/平米
中骏小户型2房，总价低，适合刚起步小年轻在南昌定居,中骏蓝湾香郡,单价14715元/平米
地段繁华，隔壁就是南昌三中，让您的小孩赢在起跑线上,博泰生命树,单价11479元/平米
南昌二中旁 通透复式 户型端正 实际面积大 可带车位卖,洪城东方国际,单价11478元/平米
南昌县 莲塘 大品牌开发商毛坯洋房三房房东诚心售,力高君御世家,单价8662元/平米
南昌县，象湖新城，新洪城大市场旁，银亿上尚城,银亿上尚城北区,单价12670元/平米
小区环境绿化好 得房率高 近小区2公里是南昌西站,九龍▪帝景湾（九龙帝景湾）,单价8972元/平米
九龙湖南昌西站旁，小区配套齐全阳光充足环境好。,西站瑞都,单价10004元/平米
南昌县银河城白沙地 温馨简约的三房 花园社区,白沙地,单价9655元/平米
南昌西站旁，新宇盛世广场，通透三房 户型端正 诚售！,新宇盛世广场,单价14248元/平米
就读南昌二中 精装小户型 地铁口 生活便利 好出租,世纪中央城一期,单价29348元/平米
南昌经开区吉都居通透两房两厅交通便利带一个储藏室。,洪刚吉都居小区,单价8024元/平米
地铁4号线 沿江快速路 南昌文明示范小区 房东诚售,光明社区东区,单价12112元/平米
洪城路南昌仁爱女子医院旁单位宿舍通透三房大院子,洪城路社区,单价10010元/平米
南昌航空大学旁 辛家庵地铁口 少有2房 户型端正 急,上海路住宅区,单价11037元/平米
属于南昌市的老城区，配套设施齐全 业主间相处融洽,洪都八区,单价11933元/平米
南昌大学 梦时代旁 附带超大院子 高得房率 拎包入住,青山湖社区,单价12220元/平米
南昌大学旁 近地铁口 附带大阁楼 出入方便 读书就近,青山湖社区,单价10752元/平米
南昌县百货大楼旁毛坯大三房、户型结构好、阳光充足。,维也纳购物广场,单价9231元/平米
南昌县莲塘毕加索花园 非顶楼 通透采光无档 配套齐,毕加索花园,单价11473元/平米
学府公馆地段佳，靠南昌市委党校，品牌开发商,绿地学府公馆,单价11028元/平米
南昌县 银河城 白沙地 复式房 地铁 BRT出行配套全,白沙地,单价11667元/平米
南昌县莲塘 唐庄小区 近澄碧湖 3小 小区环境好,唐庄,单价10723元/平米
南昌县玺园南区位置居中，近玺悦城，楼层好，视野开阔,玺园南区,单价14190元/平米
南昌县，汇仁阳光花园，采光充足：楼层好，大3房,汇仁阳光花园,单价14045元/平米
高新龙江花园，采光好，户型好，南昌三中旁。通透,龙江花园,单价13141元/平米
地铁口 方大上上城 通透三房 中间楼层看湖景 南昌二中,方大上上城,单价16863元/平米
万科金域国际南昌十中南天金源绿地悦公馆旁房东急售,万科金域国际,单价12529元/平米
南京西路恒茂城市花园精装三房 二十八中 南昌品质,恒茂城市花园,单价12367元/平米
桃苑大街 振中小区 南昌外国语旁 通透两房 户型方正,振中小区,单价13551元/平米
九龙湖 南昌西站旁 地铁四号线双出口 精装修 未入住,新力琥珀园一期,单价13976元/平米
桃苑大街 世纪名族园 精装通透三房 南昌外国语旁,世纪名族园,单价12489元/平米
体育公园，湖滨公园，旺中旺楼上、南昌一环旁、性价好,湖畔豪庭,单价8801元/平米
南昌大学旁 出门就是天虹商城 楼层好 房东自住保养好,日月明小区,单价9587元/平米
南昌西 九龙湖 九珑府 三室两厅两卫  房东急售,九珑府,单价13285元/平米
湖滨东路省电力公司旁三号地铁口南昌师范附属小 学,湖东家园,单价16897元/平米
国博二期博隆 南昌二中与小区为邻 近地铁口出入方便,绿地国际博览城二期博隆,单价15438元/平米
象湖新城 非南昌户口也可买 多出面积的小区得房率高,江西奥林匹克花园,单价11824元/平米
九龙湖南昌西站旁两房82.2平90万房东诚心出售！,西站瑞都,单价10341元/平米
南昌县 低单价 出行方便 房东诚心出售 看中可谈价,梨园小区,单价5201元/平米
"九龙湖西近南昌西站,15万精装,户型好,诚售,可看房",达瑞华府,单价9279元/平米
南昌西站旁 正 地铁口 精装修 看房方便 新力物业,新力琥珀园二期,单价16231元/平米
一江两岸的灯光秀，南昌之星摩天轮身边，诚心出售,新地阿尔法国际社区,单价26149元/平米
桃苑 桃花路 桃花苑商住小区  南昌外国语旁 带露台,桃花苑商住小区,单价12020元/平米
桃苑大街 桃苑二区 南昌外国语旁 精装一室 近公园,桃苑社区二区,单价13255元/平米
南昌后花园梅岭景区脚下，景区旁入则宁静，出则繁华,湾里区瀚德逸居,单价4505元/平米
南昌二中 实验小 学 麦园景苑 通透两房 房东诚售,天高进士第,单价8317元/平米
洪城路南昌仁爱女子医院旁单位宿舍通透两房房东诚售,洪城路,单价9020元/平米
南昌高铁西站旁 地铁四号线 阳光无挡 房东诚心出售,新力琥珀园一期,单价14158元/平米
地理位置优越 划分南昌二十八中湾里校区 生活交通便利,南标小区,单价6345元/平米
南昌县 贵都国际花城 精装大两房楼梯房武公摊带储物间,贵都国际花城小区,单价9783元/平米
隔壁就是南昌三中，让您的孩子赢在起跑线上，全天太阳,博泰生命树,单价14608元/平米
南昌县 向阳路旁 生活出行便捷 三房诚心出售,向阳路,单价8674元/平米
南昌县二手房高品质的小区，环境优美，产权新。,南部美的城,单价9440元/平米
桃苑西路南昌外国语旁高档住宅小区朝南两房,世纪名族园,单价14699元/平米
桃苑西路南昌外国语旁高档住宅小区朝南三房,世纪名族园,单价13613元/平米
南昌县昌南客运站旁汇仁阳光花园，出入方便，环境好,汇仁阳光花园,单价12801元/平米
南昌县昌南客运站旁康城精装修三房，出入方便，,康城（三期）,单价9972元/平米
皇冠国际标准两房 近南昌大桥 沿江快速路 交通便利,皇冠国际花园,单价16104元/平米
就读南昌市*郝仲学师大附仲，一线江景！房东诚售！,商联中心,单价28293元/平米
青山湖好房，交通方便，小区旁有超市 旁边南昌大学,光达小区,单价10559元/平米
桃苑西路南昌外国语旁高档住宅小区朝南三房,世纪名族园,单价11495元/平米
南昌县紫阳花园中间户三房楼层好，房东诚心出售！,紫阳花园,单价9185元/平米
荣昌新苑住宅小区双地铁口 旁边就是南昌大学,荣昌新苑住宅区,单价9653元/平米
让南昌成为您的生活圈。主路段交通不拥堵，出行无忧,抚生佳园,单价11352元/平米
四号过江的站台旁边南昌商圈位置红本在手房东诚心出售,洪大赣江城,单价13008元/平米
九龙湖 南昌西站旁 地铁 旁 四号线 中堡站,江铃时代城,单价10281元/平米
房东诚心出售 九龙湖 现房 地铁四号线南昌西站附 近,江铃时代城,单价11000元/平米
荣昌新苑住宅小区四通八达地铁银行南昌大学都在旁边,荣昌新苑住宅区,单价12402元/平米
荣昌新苑住宅小区旁边就是南昌大学 出门就是地铁口,荣昌新苑住宅区,单价10989元/平米
桃苑大街 桃苑二区 南昌外国语旁 近抚河公园,桃苑社区二区,单价12601元/平米
南昌大学旁，城开国际大三房，房东诚心出售。,城开国际学园,单价11008元/平米
九龙湖 地铁口 南昌西站旁 新力物业 品质小区,新力琥珀园一期,单价15864元/平米
奥园毛坯三房，花园洋房象湖新城非南昌户口也可以买,江西奥林匹克花园,单价11934元/平米
桃苑大街 南昌外国语旁 精装通透三房 阳光充足,世纪名族园,单价13179元/平米
南昌西站旁，品质社区，户型好，物业好，诚售，可看房,九龍▪帝景湾（九龙帝景湾）,单价9747元/平米
江大南路 荣昌新苑住宅 南昌大学 天虹商场就在旁边,荣昌新苑住宅区,单价11510元/平米
南昌县路通城邦 带30多平的车库 出门BRT站台 房东诚售,路通城邦小区,单价7962元/平米
江大南路荣昌新苑住宅小区出门就是天虹商场南昌大学,荣昌新苑住宅区,单价11838元/平米
南昌县，华宇尚城二期，鼎尚都汇精装修四房，地铁口,鼎尚都汇,单价11637元/平米
南昌的二环线 城泰威尼斯 前后环江！精装修看房预约,紫阳花园,单价11000元/平米
南昌县 地铁口 小高层 单价实惠 出行方便，房东诚心,白沙地,单价9203元/平米
南昌三中孺子校区旁精装大三房，干净整洁，拎包入住。,龙江花园,单价14821元/平米
站前路小 铁路一中都是南昌名列前茅，此房满五年,洛阳路289号（洛阳路粮食局宿舍）,单价15385元/平米
南昌县莲塘澄碧湖旁 大面积单价低  出门公交站台,向阳路,单价8005元/平米
桃苑西路南昌外国语旁高档住宅小区朝南四房两厅三卫,世纪名族园,单价12519元/平米
国博二期三房 南北阳台 地铁500米 近南昌二中 有证,绿地国际博览城二期博浩,单价15119元/平米
象湖幸福时光，70年产权毛坯房，首付7万在南昌买个家,幸福时光二期,单价9137元/平米
南昌西客站旁 全天视野阳光无挡 地铁2、4号线,九龙十一度,单价16044元/平米
南昌县莲塘保利春天里  新精装修未入住 带家电家具,保利春天里,单价12297元/平米
九龙湖，南昌西站旁，地铁口 品质小区 房东诚心出售,新力琥珀园一期,单价15518元/平米
南昌万达文化旅游城N区江景大三房证已下无贷款楼层好,万达文化旅游城N1区,单价10754元/平米
洪城大市场，南昌大学象湖一附一院，快速路，,伟象佰业城,单价13255元/平米
非南昌户口也可买 象湖新城 买一层得二层复式房,江西奥林匹克花园,单价10303元/平米
桃苑大街 世纪名族园 南昌外国语旁 品质 一房,世纪名族园,单价13334元/平米
南昌西站旁 华南城 公寓出售 低总价 配套完善,九珑府,单价11325元/平米
小户型里的战斗机，精装修，交通便利，南昌大桥旁,万达华府,单价21209元/平米
湾里小区精装房南昌的后花园，空气清新，房东诚心出售,紫庐6号,单价6111元/平米
南昌县莲塘唐庄 两室两厅 通透 采光好 交通便利,唐庄,单价9410元/平米
南昌县莲塘莲安南路 中等装三房 近菜市场,莲安南路86号,单价11397元/平米
"南昌县.
君悦府，楼层好，视野宽阔，采光充足",君悦府,单价13637元/平米
洪城路 桃花路 财满街 南昌大桥旁 电梯房 朝南一室,洪城财满街,单价9517元/平米
南昌三种艾溪湖校区 实际使用面积大  近地铁  带车位,九仰梧桐公寓,单价13671元/平米
离南昌大学1公里 出行方便 得房率高 房东急售看中再谈,江大南路,单价11568元/平米
南昌大学旁 出入方便 房屋清爽 拎包入住 期待有缘人,江西省兽药饲料监察所宿舍,单价10794元/平米
红谷滩CBD地段 双地铁口 就读南昌二中小户型 满五唯一,世纪中央城一期,单价27660元/平米
国博二期精装三房 有产证 已满两年 近地铁南昌二中,绿地国际博览城二期博浩,单价16842元/平米
南昌县莲塘星洲国际旁 近沃尔玛 澄碧湖 总价低,莲塘中大道,单价6989元/平米
南昌市的老城区宁静富有韵味和独特的人文地理情怀,洪都八区,单价10435元/平米
青山南路，国金印象旁 南昌商场宿舍 有院子 能停车,青山南路,单价11810元/平米
小区门口就是南昌十中。隔壁就是乐盈广场 业主诚心卖,南天金源,单价15642元/平米
南昌大学旁 梦时代隔壁 户型端正 采光好 看中价格好谈,青山湖社区,单价11628元/平米
朝阳东区旁边有南昌动物园以及象湖湿的公园精装修房,朝阳梅园,单价18100元/平米
南昌动物园旁 朝阳天成 实用两房 精装修 业主诚售,朝阳天成,单价15461元/平米
桃苑大街 南昌外国语旁 通透两房 小区环境好,桃苑社区二区,单价13752元/平米
南昌县莲塘汽车广场 精装一居室 中间楼层 交通便利,江西国际汽车广场,单价8369元/平米
南昌县的人买的多！但是户型还不错，使用率高,天伦华庭,单价9794元/平米
南昌县莲塘 澄碧湖西面 莲花家园 精装四房 中间楼层,莲花家园,单价10066元/平米
非南昌户口也可买的花园洋房，大三房区域繁华圈,居住主题公园-象湖南郡小区,单价11026元/平米
惊！南昌现舒适两房 感觉整洁 便宜急售 拎包入住！！,南钢北一路,单价9589元/平米
象湖新城  非南昌籍也可买的大三房 小区环境绿化好,康健里九里象湖城,单价10062元/平米
南昌县莲塘  近3小 菜市场 超市 地铁 澄碧湖,中产国际,单价8879元/平米
九龙湖 南昌西站旁  地铁口  品质小区  品质物业,新力琥珀园一期,单价14045元/平米
八一广场旁！ 松柏巷 一中！南昌通透！出入方便！,小桃花巷,单价14706元/平米
大社区 金 牌物业南昌西站旁 双地铁口 品质小区,新力琥珀园一期,单价8147元/平米
九龙湖 南昌西站旁loft公寓 房东诚心出售 精装未入住,新力琥珀园一期,单价9091元/平米
蚂蚁工房精装1房 南昌三中 出门6路公交 步行100米菜场,万科四季花城蚂蚁工房,单价15603元/平米
南昌县平安曼哈顿 正规一居室 屋内（小区）设备齐,平安曼哈顿风情,单价11316元/平米
南昌大学 小区环境优美 交通便利 生活方便,日月明小区,单价10202元/平米
小区北面五百米是一号线地铁口，南面800有南昌火车站,新魏路出版局宿舍（新魏路17号）,单价9297元/平米
南昌县象湖新城保集御河湾三期，户型端正，通透格局。,保集半岛御河湾三期,单价13135元/平米
南昌东站旁 近绿滋肴 万达广场 单价实惠总价低小两房,城东花园,单价10056元/平米
南昌县政府   澄碧湖湿地公园   办公  住宿  都可以,丽晶广场,单价6466元/平米
国博二期 博翠小三房 前排房源 有证满二 近南昌二中,绿地国际博览城二期博翠,单价15286元/平米
江大南路荣昌新苑住宅区 出门就是天虹商场 南昌大学,荣昌新苑住宅区,单价10651元/平米
南昌县莲塘莲西  离澄碧湖近 出门公交站台 生活便利,阳光丽景,单价10990元/平米
恒大绿洲二期 花园式社区 格局方正清新空气自由穿行,南昌恒大绿洲二期,单价10695元/平米
财政局宿舍两房朝南户型。配套齐全。随时可看房,南昌财政局宿舍,单价8680元/平米
恒大绿洲大4房 绿化好品质高 三号地铁口 南外环,南昌恒大绿洲六期,单价8172元/平米
正4房二厅一厨二卫，楼层居中8/32，,南昌恒大绿洲二期,单价10517元/平米
精装修、楼层好、房东诚心出售、经典户型、,南昌恒大翡翠华庭,单价11793元/平米
恒大绿洲六期 电梯精装大四房，红本在手，带车位！,南昌恒大绿洲六期,单价10202元/平米
诚心出售 位置好 红谷滩新房 精装修,南昌铜锣湾广场,单价25259元/平米
恒大翡翠华庭精装修房东诚心出售！,南昌恒大翡翠华庭,单价12962元/平米
恒大翡翠华庭精装修房东诚心出售！,南昌恒大翡翠华庭,单价12962元/平米
恒大绿洲环境幽雅 全明通透视野开阔 坐高品质的生活,南昌恒大绿洲六期,单价8940元/平米
小区环境好，朝向好，满税，中间楼层,南昌恒大绿洲六期,单价9262元/平米
恒大绿洲精装四房 户型端正 小区环境优美 房东诚售,南昌恒大绿洲二期,单价9211元/平米
精装、带有130平方地下室和前后80平大阳台。,南昌恒大翡翠华庭,单价16097元/平米
恒大绿洲二期，精装通透三房，户型方正采光好,南昌恒大绿洲二期,单价11724元/平米
红谷滩新房 诚心出售 精装修呢,南昌铜锣湾广场,单价24709元/平米
准新房，恒大品质，全人车分流，年轻人挚爱,南昌恒大翡翠华庭,单价11939元/平米
恒大绿洲六期公园里 环境优美景色宜人 房东诚心出售,南昌恒大绿洲六期,单价8164元/平米
恒大绿洲大四房户型通透  地铁口精装房,南昌恒大绿洲二期,单价8785元/平米
恒大绿洲 保姆间 时尚的装修风格 体验奢华生活,南昌恒大绿洲二期,单价9347元/平米
恒大绿洲精装房带保姆间 时尚的装修风格享品质生活,南昌恒大绿洲二期,单价9035元/平米
此房超大空间       适合大家庭居住,南昌恒大绿洲二期,单价10039元/平米
恒大翡翠华庭精装修房东诚心出售！,南昌恒大翡翠华庭,单价12265元/平米
恒大大品牌，全天阳光充足，楼层佳，宜居住！！！,南昌恒大翡翠华庭,单价12500元/平米
恒大翡翠华庭的房子 精装修 位置好 适合居住,南昌恒大翡翠华庭,单价11831元/平米
临赣江、临地铁大三房、环境好、绿化多,南昌恒大翡翠华庭,单价12298元/平米
恒大翡翠华庭精装修110平米端户业主急售！,南昌恒大翡翠华庭,单价10839元/平米
恒大大品牌，全天阳光充足，楼层佳，宜居住！！！,南昌恒大翡翠华庭,单价12082元/平米
恒大品牌，象湖滨江板块，新洪城商圈,南昌恒大翡翠华庭,单价12265元/平米
恒大绿洲二期，电梯房 业主诚心放卖 看房方便 有钥匙,南昌恒大绿洲二期,单价9455元/平米
恒大翡翠华庭精装修的房东诚心出售！,南昌恒大翡翠华庭,单价13525元/平米
恒大翡翠华庭 精装修 楼层好 适合居住,南昌恒大翡翠华庭,单价12044元/平米
"房东诚心卖,  价钱看中再谈 预约看房",南昌恒大翡翠华庭,单价12963元/平米
西湖区火车站二七南路地铁口大三房房东移民急售,南昌铁路行车公寓,单价8847元/平米
中山西路 抚河公园旁 地税局宿舍 南北通透 全天太阳,南昌地税住宅小区,单价13468元/平米
楼层好视野开阔！地理位置好出行方便！,南昌锦海东方银座,单价17157元/平米
此房是恒大绿洲的房源，南北通透，采光好,南昌恒大绿洲六期,单价8807元/平米
莲塘三号地铁线 南外环 通透大四房 环境美,南昌恒大绿洲二期,单价8750元/平米
恒大精装洋房 环境优美 人车分流,南昌恒大翡翠华庭,单价13493元/平米
恒大绿洲六期精装四房  楼层好  南北朝向,南昌恒大绿洲六期,单价9112元/平米
莲塘三号地铁口 南外环 恒大高尔夫 新房未入住四室,南昌恒大绿洲六期,单价8523元/平米
恒大绿洲二期 通透四房 精装修拎包入住,南昌恒大绿洲二期,单价8750元/平米
恒大绿洲 精装修三室 前后无挡 有钥匙看房方便,南昌恒大绿洲二期,单价11579元/平米
恒大绿洲，四房两厅两卫，电梯房 业主诚心放卖,南昌恒大绿洲六期,单价9205元/平米
恒大绿洲二期精装三房，环境优美，视野宽阔,南昌恒大绿洲二期,单价9330元/平米
精装户型大格局好，彩光好。。。。。。。。。。,南昌恒大绿洲六期,单价8771元/平米
环境好，绿化面积大，物业超负责，临赣江，到地铁近,南昌恒大翡翠华庭,单价12832元/平米
恒大翡翠系列，洋房得房率高，高楼层，采光好通风,南昌恒大翡翠华庭,单价12038元/平米
恒大绿洲二期 精装修四房 视野无挡 环境优美,南昌恒大绿洲二期,单价9402元/平米
恒大翡翠华庭精装修房东诚心出售。,南昌恒大翡翠华庭,单价16188元/平米
户型端正，环境优美，物业好，绿化好。品质好房！,南昌恒大翡翠华庭,单价13663元/平米
恒大绿洲六期， 业主诚心出售 看房提前约,南昌恒大绿洲六期,单价10228元/平米
恒大大品牌，全天阳光充足，楼层佳，宜居住！！！,南昌恒大翡翠华庭,单价12728元/平米
恒大翡翠华庭 精装修 房东诚心出售  楼层好,南昌恒大翡翠华庭,单价12946元/平米
恒大翡翠华庭 通透户型 诚心出售 随时看房,南昌恒大翡翠华庭,单价12042元/平米
恒大绿洲二期  精装三房  地铁口  出行方便,南昌恒大绿洲二期,单价10000元/平米
梦时代南大精装修两房 中间楼层 拎包入住,南昌大学南生活区,单价15202元/平米
象湖芯品质楼盘恒大翡翠华庭精装修大三房出售,南昌恒大翡翠华庭,单价11279元/平米
"房东 急售,急售,急售，想要换置！！",南昌恒大翡翠华庭,单价13158元/平米
铜锣湾大户型，南北通，视野佳，地铁口，商城旁,南昌铜锣湾广场,单价20497元/平米
恒大绿洲六期精装四房 业主诚心出售,南昌恒大绿洲六期,单价8771元/平米
恒大绿洲六期舒适四房 开发商统一装修 只需拎包入住,南昌恒大绿洲六期,单价8940元/平米
恒大 大品牌 好物业开发商统一装修,南昌恒大翡翠华庭,单价12546元/平米
地铁口旁.全天太阳，交通方便， 停车方便，配套成熟,南昌锦海东方银座,单价17157元/平米
全天太阳 交通方便 停车方便 配套成熟,南昌锦海东方银座,单价15124元/平米
临赣江，临地铁大三房户型，环境好，绿化面积大！,南昌恒大翡翠华庭,单价14364元/平米
恒大绿洲精装修，前后无档，户型结构好,南昌恒大绿洲二期,单价9063元/平米
象湖滨江位置 配套齐 交通方便 精装修3房,南昌恒大翡翠华庭,单价11000元/平米
恒大绿洲，通透 户型小区环境优美,南昌恒大绿洲二期,单价10490元/平米
恒大绿洲六期精装大四房，近地铁，拎包入住。,南昌恒大绿洲六期,单价7935元/平米
精装修大四房带车位出售 小区环境好 近快速路 3号线,南昌恒大绿洲六期,单价8842元/平米
二七南路，有院子门卫，户型好，钥匙房，看房随时,南昌铁路行车公寓,单价8945元/平米
恒大绿洲二期，精装四房。采光好,南昌恒大绿洲二期,单价9935元/平米
近期必卖盘 143平 单价不过2万 铜锣湾大三房 仅需契税,南昌铜锣湾广场,单价20477元/平米
县委宿舍户型方正，交通便利，配套成熟购物生活方便,南昌财政局宿舍,单价8146元/平米
诚售铜锣湾广场 精装复式2房 有钥匙随时能看房,南昌铜锣湾广场,单价20905元/平米
视野开阔 采光充足 配套 交通便利 适合居家过日子,南昌恒大绿洲六期,单价8069元/平米
开发商统一全新精装，三个房间都比较正规,南昌恒大翡翠华庭,单价12753元/平米
县委宿舍楼梯房 业主诚心放卖 看房方便 有钥匙。,南昌财政局宿舍,单价8525元/平米
恒大绿洲二期精装三房，满五唯一 品质楼盘,南昌恒大绿洲二期,单价11015元/平米
恒大绿洲 此套房子价格带车位 视野开阔  房东诚心出售,南昌恒大绿洲二期,单价10210元/平米
翡翠华庭，错开通透户型，自住精装修,南昌恒大翡翠华庭,单价11595元/平米
恒大绿洲环境幽雅 全明通透视野开阔 坐高品质的生活,南昌恒大绿洲六期,单价8219元/平米
恒大绿洲精装三房近地铁出入方便看房方便,南昌恒大绿洲二期,单价11325元/平米
恒大绿洲二期精装三房，业主诚心出售,南昌恒大绿洲二期,单价10000元/平米
南北空气对流 地铁一号线滕王阁站 繁华地段,南昌地税住宅小区,单价13149元/平米
恒大绿洲      三居室 中高楼层,南昌恒大绿洲二期,单价10031元/平米
恒大 翡翠 华庭   交通 便利,南昌恒大翡翠华庭,单价12645元/平米
恒大品牌开发商 精装修 未住过人 诚心出售,南昌恒大翡翠华庭,单价10631元/平米
恒大绿洲六期精装四房  楼层佳  视野开阔,南昌恒大绿洲六期,单价8528元/平米
精装修四室带储藏间衣帽间 别墅围绕 环境优美,南昌恒大绿洲六期,单价8573元/平米
视野宽阔，采光充足，配套都有，交通便利，,南昌恒大绿洲二期,单价8438元/平米
恒大绿洲精装三房、轨道三号线就在小区门口。,南昌恒大绿洲二期,单价11459元/平米
恒大绿洲六期 拎包入住 前后无挡 业主降价10万急售,南昌恒大绿洲六期,单价9209元/平米
此房源为结婚而备为结婚而装因离开而出售寻找有缘人,南昌恒大绿洲二期,单价10000元/平米
恒大绿洲二期 品质楼盘 植被丰富 环境秀美 享美丽时光,南昌恒大绿洲二期,单价9746元/平米
"恒大绿洲三期精装三房,户型通透,采光好,观景楼层,..",南昌恒大绿洲二期,单价10449元/平米
精装洋房户型，带院、带地下室，双拼朝南大阳台,南昌恒大翡翠华庭,单价17822元/平米
环境优美，物业负责，户型端正，采光优越,南昌恒大绿洲六期,单价9071元/平米
全新装修的洋房，房东诚心出售，户型方正,南昌恒大翡翠华庭,单价12558元/平米
恒大绿洲精装，正宗大四房，诚心出售。,南昌恒大绿洲二期,单价9097元/平米
恒大绿洲二期，精装四房，进地铁。拎包入住,南昌恒大绿洲二期,单价9375元/平米
此小区得房率高，绿化好，物业管理好,南昌恒大翡翠华庭,单价13824元/平米
户型方正，采光充足，视野宽阔。,南昌恒大翡翠华庭,单价14352元/平米
户型方正，采光充足，视野宽阔。,南昌恒大翡翠华庭,单价12196元/平米
户型方正，采光充足，视野宽阔。,南昌恒大翡翠华庭,单价13182元/平米
恒大翡翠华庭  房东诚心出售 精装修,南昌恒大翡翠华庭,单价14407元/平米
恒大楼盘，间距大，小区安静，保安24小时轮流巡查,南昌恒大翡翠华庭,单价12296元/平米
户型端正，环境绿化好，阳光无遮挡，通风很好，好房,南昌恒大翡翠华庭,单价13100元/平米
恒大翡翠华庭楼栋间距大物业严静小区清净环境优美。,南昌恒大翡翠华庭,单价12878元/平米
恒大翡翠华庭 精装修 房东诚心出售 楼层好,南昌恒大翡翠华庭,单价11223元/平米
锦海东方银座 采光充足 楼层好 小区环境优美,南昌锦海东方银座,单价16640元/平米
庐山南大道地铁口铜锣湾广场，精装上下楼两房,南昌铜锣湾广场,单价21396元/平米
楼层好采光充足！位置好地铁口小区！,南昌锦海东方银座,单价15527元/平米
铜锣湾广场 精装通透2+1 户型端正 中间楼层,南昌铜锣湾广场,单价22549元/平米
环境好，绿化面积大，物业超负责，临赣江，到地铁近,南昌恒大翡翠华庭,单价13156元/平米
朝南東端户  新房未入住带车位 满五唯一 近三号线地铁,南昌恒大绿洲二期,单价10031元/平米
地铁一号线谢家村站梦时代ig爱购时尚广场 可当店面,南昌大学南生活区,单价14803元/平米
谢家村地铁口，通透三房，繁华地段，诚心出售,南昌锦海东方银座,单价16013元/平米
锦海东方银座 采光充足 楼层好 小区环境优美,南昌锦海东方银座,单价17157元/平米
恒大绿洲开发商统一装修   采光好楼层好   房东诚售,南昌恒大绿洲二期,单价10041元/平米
恒大绿洲二期  税费少 诚心卖 装修保养好,南昌恒大绿洲二期,单价11015元/平米
地铁口，铜锣湾广场，通透三房，房东诚售,南昌铜锣湾广场,单价23441元/平米
24小时门卫楼间距大有人工湖绿化好物业费低管理好,南昌锦海东方银座,单价15670元/平米
好楼层 视野开阔 精装修 家电家具齐全 拎包入住,南昌铜锣湾广场,单价23261元/平米
恒大绿洲二期 小区环境不错小户型 生活更惬意,南昌恒大绿洲二期,单价11015元/平米
恒大翡翠华庭 户型方正 楼层好 视野宽阔 采光充足,南昌恒大翡翠华庭,单价12914元/平米
恒大绿洲      三居室 中高楼层,南昌恒大绿洲二期,单价8710元/平米
恒大绿洲2期 精装房 坐拥雄溪河 地铁口,南昌恒大绿洲二期,单价10805元/平米
视野宽阔有大露台交通便利 采光很好洋房品质,南昌恒大翡翠华庭,单价16375元/平米
恒大绿洲二期精装地铁口房源房东诚心出售。,南昌恒大绿洲二期,单价10205元/平米
精装三房 户型端正 花园小区 房东诚售,南昌恒大绿洲二期,单价10009元/平米
恒大绿洲环境幽雅 全明通透视野开阔 坐高品质的生活,南昌恒大绿洲六期,单价10675元/平米
恒大绿洲，地铁口，开发商统一装修，地理位置好。,南昌恒大绿洲二期,单价9486元/平米
房东诚售，看房方便，小区环境优，地段好,南昌恒大绿洲二期,单价10546元/平米
恒大绿洲，优质房源，诚心可售看房提前预约,南昌恒大绿洲二期,单价9036元/平米
恒大绿洲二期高档社区景观好房 空间布局合理居住舒适,南昌恒大绿洲二期,单价11539元/平米
房东诚心出售，楼层好，位置佳，交通便利，随时看房,南昌铜锣湾广场,单价27047元/平米
花园小区 精装代售 交通方便 高档物业,南昌恒大绿洲六期,单价10000元/平米
户型端正，小区安静，24小时第有保安，出入交通方便,南昌大学南生活区,单价14394元/平米
南大南院 小两居 带大院子 爱购旁近地铁看房方便,南昌大学南生活区,单价14614元/平米
恒大绿洲二期 高档小区 景观好房 品牌物业,南昌恒大绿洲二期,单价9789元/平米
恒大绿洲六期精装大四房 南北通透环境优美,南昌恒大绿洲六期,单价9134元/平米
房东诚心出售，精装3房，此房满五唯一，看中价格可谈,南昌大学南生活区,单价12952元/平米
恒大绿洲二期南北向 高档社区景观好房视野开阔无档,南昌恒大绿洲二期,单价10000元/平米
恒大二期下楼地铁口，带全套家具家电，三个空调,南昌恒大绿洲二期,单价11015元/平米
地铁口旁 铜锣湾广场 精装通透三居室 实际面积大,南昌铜锣湾广场,单价31163元/平米
恒大翡翠华庭，大三房，通风采光效果好,南昌恒大翡翠华庭,单价12008元/平米
莲塘恒大绿洲  地铁口精装修 配套齐全  房东诚心出售,南昌恒大绿洲二期,单价10995元/平米
恒大绿洲二期优质好房  精装修,南昌恒大绿洲二期,单价11478元/平米
户型方正采光充足，小区环境优美近恒茂梦时代出现方便,南昌大学南生活区,单价16325元/平米
环境优美  小区规划有多个人工湖 空气清晰,南昌恒大绿洲二期,单价9125元/平米
旁边地铁口正宗三房，生活出行方便,南昌恒大绿洲二期,单价11015元/平米
本房户型 楼层很好 通风采光好。,南昌恒大翡翠华庭,单价12359元/平米
铜锣湾广场 毛坯通透三房 房东诚售！,南昌铜锣湾广场,单价23892元/平米
铜锣湾广场 通透三房 采光无档 品质小区  出门地铁口,南昌铜锣湾广场,单价24981元/平米
恒大翡翠华庭一房，房东诚心出售,南昌恒大翡翠华庭,单价11859元/平米
"诚心想卖, 随时可签,  有客户看中价钱到时再谈",南昌恒大翡翠华庭,单价11593元/平米
房东诚售 小区方便停车 看房方便,南昌大学南生活区,单价13031元/平米
恒大翡翠华庭 精装修 房东诚心出售,南昌恒大翡翠华庭,单价14407元/平米
恒大翡翠华庭 精装修 位置好 前面无挡,南昌恒大翡翠华庭,单价12335元/平米
恒大翡翠华庭精装修房东诚心出售！,南昌恒大翡翠华庭,单价12084元/平米
精装修三室 满五唯一税费低 大品牌 环境好 出门地铁口,南昌恒大绿洲二期,单价10595元/平米
恒大品牌开发商精装修 通透三房 业主诚心卖,南昌恒大翡翠华庭,单价11133元/平米
恒大绿洲二期四房两厅两卫，精装，出门三号地铁线,南昌恒大绿洲二期,单价9285元/平米
卖点    配套    交通出行    小区介绍,南昌恒大翡翠华庭,单价12778元/平米
象湖恒大翡翠华庭朝南户型三房 带露台 诚售,南昌恒大翡翠华庭,单价11074元/平米
恒大绿洲三居室 中高楼层 精装空闲  有钥匙随时能看房,南昌恒大绿洲二期,单价10031元/平米
恒大绿洲二期精装房  近地铁口  楼层好,南昌恒大绿洲二期,单价9892元/平米
翡翠华庭舒适3房，配套齐全，采光好,南昌恒大翡翠华庭,单价12044元/平米
房子户型好，两开间朝南，朝北户型采光充足,南昌铜锣湾广场,单价25171元/平米
铜锣湾广场 精装两房 业主诚心出售 楼下地铁口,南昌铜锣湾广场,单价22865元/平米
环境好间距大采光好阳光足绿化面积大空气好,南昌恒大翡翠华庭,单价12939元/平米
得房率高，户型方正，商圈繁华，地理位置优越交通便利,南昌铜锣湾广场,单价25707元/平米
铜锣湾广场 精装两房 业主诚心出售 楼下地铁口,南昌铜锣湾广场,单价23122元/平米
铜锣湾毛坯两房，中间楼层，视野佳采光好。,南昌铜锣湾广场,单价25110元/平米
南大南院小两居  氛围好  环境好  采光好,南昌大学南生活区,单价12362元/平米
恒大绿洲六期位置安静舒适 花园社区回家就是一种度假,南昌恒大绿洲六期,单价10000元/平米
南大南生活区 近梦时代生活交通便利　诚心出售,南昌大学南生活区,单价13975元/平米
户型方正，采光好，楼层适中，开发商精装修,南昌恒大翡翠华庭,单价11783元/平米
南大教师单位房，人文环境好，24小时门卫，停车方便,南昌大学南生活区,单价14768元/平米
恒大绿洲六期公园里，环境优美，溪水围绕，养老适宜,南昌恒大绿洲六期,单价8889元/平米
恒大翡翠华庭  户型方正楼层好  视野宽阔  采光充足,南昌恒大翡翠华庭,单价13540元/平米
恒大翡翠华庭 户型端正，环境优美 品牌开发商,南昌恒大翡翠华庭,单价12880元/平米
翡翠华庭 精装3房 次新小区 临赣江地铁口 新洪城旁,南昌恒大翡翠华庭,单价11659元/平米
视野采光充足.设备齐全 .交通方便.简装拎包入住,南昌大学南生活区,单价15372元/平米
恒大绿洲六期 独立小区高品质生活 精装修四房,南昌恒大绿洲六期,单价9029元/平米
恒大绿洲二期 户型通透端正 前后无挡采光好,南昌恒大绿洲二期,单价8591元/平米
70年产权小面积住宅，适合年轻夫妇居住,南昌恒大翡翠华庭,单价10653元/平米
象湖新城恒大翡翠华庭精装房，品质小区，视野好,南昌恒大翡翠华庭,单价12832元/平米
恒大绿洲二期 正南向大三房 配套齐全 看房方便,南昌恒大绿洲二期,单价9044元/平米
恒大翡翠华庭3房，视野宽阔，采光充足，房东诚卖。,南昌恒大翡翠华庭,单价11767元/平米
户型方正 中间楼层  采光充足,南昌恒大翡翠华庭,单价13689元/平米
恒大翡翠华庭大品牌有保障，全天阳光充足,南昌恒大翡翠华庭,单价12205元/平米
恒大绿洲二期  四房通透户型 小区环境优美,南昌恒大绿洲二期,单价9211元/平米
恒大绿洲二期 四房两厅 业主诚心出售 看房提前约,南昌恒大绿洲二期,单价10039元/平米
房东诚心出售，小区环境好，带院子，带地下室。,南昌恒大翡翠华庭,单价18706元/平米
可看青山湖景色梦时代2号出口购物便捷出门方便,南昌锦海东方银座,单价14627元/平米
梦时代旁 谢家村地铁站 70年产权住宅 可租1800每月,南昌锦海东方银座,单价17838元/平米
朝北一室一厅 带阳台 可出租自住 交通出行便利,南昌锦海东方银座,单价16909元/平米
梦时代2号出口出门方便 可看青山湖景色光线好,南昌锦海东方银座,单价16372元/平米
恒茂梦时代旁  24小时安保  地铁口边上  配套成熟,南昌锦海东方银座,单价15567元/平米
锦海东方银座 采光充足 楼层好 小区环境优美,南昌锦海东方银座,单价19902元/平米
诚心出售，精装修采光好，使用率高,南昌恒大绿洲二期,单价10323元/平米
恒茂梦时代旁，东方银座，地铁口边上，诚心出售。。,南昌锦海东方银座,单价16957元/平米
象湖滨江片区 未来象湖发展方向标 恒大品牌楼盘,南昌恒大翡翠华庭,单价12322元/平米
北京东路  正规两房 有附加 面积 近地铁 商场,南昌锦海东方银座,单价16217元/平米
新小区 适合新婚夫妇过度 高品质,南昌恒大翡翠华庭,单价12949元/平米
全天太阳，交通方便，小区绿化好 停车方便，配套成熟,南昌锦海东方银座,单价16240元/平米
恒大绿洲 电梯房 业主诚心放卖 看房方便 房东诚售,南昌恒大绿洲二期,单价9745元/平米
地铁口电梯房 出行方便 户型端正 配套完善,南昌锦海东方银座,单价19324元/平米
总价52万1楼精装好房房东急卖,南昌恒大翡翠华庭,单价11556元/平米
全天太阳，交通方便，小区绿化好 停车方便，配套成熟,南昌供电局住宅,单价11585元/平米
高层大四房 中高楼层  有家具家电,南昌恒大绿洲六期,单价9705元/平米
恒大绿洲 空间布局有和谐有序 清新空气自由穿行,南昌恒大绿洲二期,单价10071元/平米
3号线地铁口 澄湖北大道多层老洋房  含1楼储藏间,南昌市烟草公司南昌县分公司宿舍,单价8220元/平米
地铁大厦站 1、2号线换乘站 就读南昌二中 通透三房,名门世家,单价20329元/平米
南昌县恒大绿洲四期 精装  视野开阔 无遮挡 安静,恒大绿洲四期,单价8647元/平米
南昌西站 九龙湖 正荣府一号  洋房 位置好 户型方正,正荣润园,单价16575元/平米
南昌二中 育新二部 楼梯3楼  通透2房 铜锣湾广场旁,丰和大道,单价19977元/平米
南昌县江铃瓦良格 毛呸三房 户型端正三房朝南视野无档,江铃瓦良格,单价10929元/平米
桃苑大街 世纪名族园 品质小区 南昌外国语旁 光线好,世纪名族园,单价11657元/平米
南昌万达文旅城L区端户三房出售，靠江边，看房方便。,万达文化旅游城万达首府L2区,单价13935元/平米
绿地海珀九龙 沿江大平层 东端户 大三房 近南昌二中,海珀九龙,单价16291元/平米
得房高买一层得两层 非南昌户籍可买 精装修拎包入住,水晶岛九里象湖城,单价12299元/平米
南昌县上海新城 楼梯房 业主诚心放卖 看房方便 有钥匙,上海新城小区,单价3351元/平米
桃苑大街 南昌外国语旁 桃苑工贸一村 精通透 光线好,工贸一村,单价12832元/平米
南昌县清水园 精装三房家具家电全带 您只需拎包入住,清水园住宅小区,单价9027元/平米
南昌一环内 精装带家具家电 可拎包入住 随时可以看房,舍里甲社区南漆小区,单价9752元/平米
永叔路 系马桩 南昌松柏巷校.区旁 精致一房 出入好,系马桩,单价12061元/平米
桃苑大街 桃苑二区 南昌外国语旁 精装两房 近公园,桃苑社区二区,单价13468元/平米
南昌县.波尔多联邦美树堡小区.南北通透.三开间朝南,波尔多联邦美树堡小区,单价15169元/平米
己满五年 通透双阳台 全天太阳 光线极好,南昌市公安局公安小区,单价11899元/平米
单位宿舍 卷烟厂 通透两房 户型好,南昌卷烟厂住宅小区,单价11971元/平米
居家装修  南北朝向  免费停车 有院卫,南昌大学医学院住宅区,单价10557元/平米
有院子门卫停车方便，业主多为教师职工素质高,南昌大学北区家属宿舍,单价14229元/平米
沿江南大道 卷烟厂宿舍 有门卫 在改造,南昌卷烟厂住宅小区,单价12000元/平米
万达CBD精装公寓即买即租价格实惠,南昌红谷滩万达广场,单价9870元/平米
万达A6SOHO公寓 朝南全天阳光 小房子也有大风景,南昌红谷滩万达广场,单价10578元/平米
八一大道医学院北院首付40享全天太阳精装2房南北通透,南昌大学医学院住宅区,单价15579元/平米
此房已满五年，通透格局，视野宽阔采光充足！！！！！,南昌卷烟厂住宅小区,单价10159元/平米
万达广场公寓随时可以看房房东诚售,南昌红谷滩万达广场,单价11001元/平米
人民公园旁园林处单位房，二十八中全天太阳可停车,南昌市园林住宅小区,单价11189元/平米
百万人潮之上！精选红谷滩万达！房东出国忍痛割爱！,南昌红谷滩万达广场,单价10887元/平米
万达广场精装公寓   房东诚售,南昌红谷滩万达广场,单价10066元/平米
东湖区优质位置户型方正带院子有门卫 出门地铁口,南昌大学医学院住宅区,单价12477元/平米
朝南一室  视野无档开阔 楼下地铁口 拎包入住,南昌红谷滩万达广场,单价10383元/平米
坛子口   名爵公馆70年精装公寓  交通便利 总价低,南昌井冈山大道名爵公馆,单价11225元/平米
万达广场公寓出售，人流量大，交通便利,南昌红谷滩万达广场,单价11424元/平米
万达公寓朝北端户，通风采光好，交通便利,南昌红谷滩万达广场,单价11637元/平米
此房格局合理 阳光充足 朝南户型 价钱便宜 诚心出售,南昌红谷滩万达广场,单价13666元/平米
户型朝南，采光好，高楼层视线好,南昌红谷滩万达广场,单价11949元/平米
万达广场 精装公寓 繁荣地带 随时看房,南昌红谷滩万达广场,单价12096元/平米
急售  全经开总价好划算的一套70年住宅产权房,南昌齿轮场职工生活社区,单价4902元/平米
地铁口精装70年小公寓，交通方便，位置好,南昌井冈山大道名爵公馆,单价12605元/平米
南齿社区  2室1厅   楼层好采光好,南昌齿轮场职工生活社区,单价8470元/平米
此房户型方正，    采光通风好,南昌市中级人民法院小区,单价12170元/平米
坛子口精装高层，目前空置，有钥匙看房方便。,南昌井冈山大道名爵公馆,单价12110元/平米
校园环境，户型房子，太阳全天，2号线地铁口,南昌大学医学院住宅区,单价14029元/平米
经开区蛟桥南齿宿舍 总价低 诚心出售看房方便首付12万,南昌齿轮场职工生活社区,单价6035元/平米
房东置换急售此房 看房方便 价格好谈,南昌大学北区家属宿舍,单价14463元/平米
精装房 户型端正通透 单价实惠 看房方便,南昌卷烟厂住宅小区,单价11765元/平米
红谷滩万达广场 写字楼 出售 采光效果好,南昌红谷滩万达广场,单价13169元/平米
洪都北大道 燃气公司 宿舍好房诚心出售,南昌市煤气公司住宅小区,单价11780元/平米
南齿毛坯复式楼，大户型，端正通透，采光舒适,南昌齿轮场职工生活社区,单价5556元/平米
朝阳洲 单位宿舍 通透两房 有院子门卫,南昌卷烟厂住宅小区,单价12366元/平米
卷烟厂住宅小区 两房户型 房东诚心出售,南昌卷烟厂住宅小区,单价11756元/平米
经开区 蛟桥 南齿宿舍 装修两房 交通便利 房东,南昌齿轮场职工生活社区,单价8560元/平米
此房已满五年，通透格局，楼层好，视野宽阔采光充足,南昌卷烟厂住宅小区,单价11877元/平米
此房已满五年唯一，通透格局，     视野宽阔采光充足,南昌卷烟厂住宅小区,单价10053元/平米
西湖区，公安小区，大三房，通透户型。,南昌市公安局公安小区,单价13121元/平米
八一大道医学院北苑，环境优雅，地铁2号线！,南昌大学医学院住宅区,单价14789元/平米
南齿宿舍  交通方便  看房方便  房东诚售,南昌齿轮场职工生活社区,单价10494元/平米
房东急售 户型好 采光好 诚心出售,南昌卷烟厂住宅小区,单价9789元/平米
房东诚心卖，采光好。通风效果好,南昌第十四中教工宿舍,单价9908元/平米
卷烟厂宿舍简装两房 两房朝南 阳光充足 户型方正,南昌卷烟厂住宅小区,单价10625元/平米
房东诚心出售，房子有2套连在一起，可打通,悦峰商务广场（南昌世纪皇冠）,单价11750元/平米
交通很方便，房子干净舒适，采光良好,南昌红谷滩万达广场,单价11318元/平米
房东不想打理    想置换一套住宅,南昌红谷滩万达广场,单价11433元/平米
坛子口精装小公寓，出行方便，地铁交通,南昌井冈山大道名爵公馆,单价11023元/平米
房东诚心出售！拎包入住 交通便利,南昌井冈山大道名爵公馆,单价11803元/平米
坛子口精装小公寓，出入好、交通方便,南昌井冈山大道名爵公馆,单价10000元/平米
包税出售，端户采光通风好，交通便利,南昌红谷滩万达广场,单价11617元/平米
地段位置极其优越，坐享齐全、完善的生活配套,南昌红谷滩万达广场,单价9644元/平米
经开区南齿宿舍 房东诚心出售 看房随时！,南昌齿轮场职工生活社区,单价9099元/平米
南大好房等你来买 诚心出售 看房随时联系,南昌大学北区家属宿舍,单价13231元/平米
南齿宿舍 2室1厅 通透户型 总价低,南昌齿轮场职工生活社区,单价7895元/平米
南齿宿舍 2房1厅 总价低 诚售,南昌齿轮场职工生活社区,单价5468元/平米
门口就是公交站台跟地铁口，旁边又有一附院，二附院,南昌大学医学院住宅区,单价13449元/平米
户型好，阳光充足，物业管理规范,南昌大学北区家属宿舍,单价16600元/平米
就读②⑧中福州路 人民公园旁 精装2房 采光通透 诚售,南昌市园林住宅小区,单价12350元/平米
电梯房70年产权的房东诚心出售.,南昌井冈山大道名爵公馆,单价12110元/平米
洪都北燃气公司宿舍 空置房源诚心出售,南昌市煤气公司住宅小区,单价11886元/平米
万达广场 精装公寓 单价1万出头 宜居宜投,南昌红谷滩万达广场,单价10741元/平米
带车库储藏间单位宿舍房  小区环境好  出行方便,南昌市公安局公安小区,单价11026元/平米
南齿社区精装急售成熟社区配套完善,南昌齿轮场职工生活社区,单价8889元/平米
昌北经济开发区南齿宿舍精装修通透大三房，有小院子,南昌齿轮场职工生活社区,单价6945元/平米
南齿职工宿舍，生活、出行方便，看房方便,南昌齿轮场职工生活社区,单价11112元/平米
南齿综合楼 楼层好 平层 户型端正 通透,南昌齿轮场职工生活社区,单价7990元/平米
经开区蛟桥南齿宿舍皇姑路旁精装二房,南昌齿轮场职工生活社区,单价7313元/平米
此房满五不唯一，采光充足，楼层8楼的7楼。,南昌阀门廠宿舍三区,单价8784元/平米
通透格局，楼层好，视野宽阔采光充足,南昌卷烟厂住宅小区,单价10870元/平米
福州路 单位宿舍一房一厅地段繁华交通方便生活便捷,南昌市园林住宅小区,单价14688元/平米
经开区蛟桥南齿宿舍 总价低 诚心出售 看房方便,南昌齿轮场职工生活社区,单价8065元/平米
此房配套齐全，交通便利，两房朝南,南昌齿轮场职工生活社区,单价7715元/平米
南大北区精装修2房  户型好  阳光充足  近地铁,南昌大学北区家属宿舍,单价17065元/平米
坛子口 王 府井旁 名爵公馆 婚房装修 两房 拎包入住,南昌井冈山大道名爵公馆,单价14416元/平米
地铁口，步行街，生活便利，交通方便，,南昌红谷滩万达广场,单价10006元/平米
江边单位房  卷烟厂宿舍  钥匙在手  随时看房,南昌卷烟厂住宅小区,单价12171元/平米
卷烟厂宿舍  有院子有门卫  近江边 风景好,南昌卷烟厂住宅小区,单价12174元/平米
房东诚心出售！位于万达广场百万人潮之上！,南昌红谷滩万达广场,单价10305元/平米
房东不想打理！因此忍痛割爱！房东这边很诚心,南昌红谷滩万达广场,单价10163元/平米
坛子口 名爵公馆70年精装公寓  交通便利 总价低,南昌井冈山大道名爵公馆,单价10527元/平米
坛子口旁边，70年产权精装公寓楼,南昌井冈山大道名爵公馆,单价12780元/平米
精装小公寓，电梯房，出行方便，位置好,南昌井冈山大道名爵公馆,单价13435元/平米
坛子口精装小公寓，带电梯。交通方便,南昌井冈山大道名爵公馆,单价12963元/平米
万达广场A6带租约公寓 即买即收租 单价10000！！！,南昌红谷滩万达广场,单价10000元/平米
地铁口精致温馨公寓住宅，生活交通双便利，拎包入住,南昌红谷滩万达广场,单价10000元/平米
精装公寓，温馨舒适，近博能写字楼，万达广场地铁大厦,南昌红谷滩万达广场,单价11046元/平米
精装公寓，温馨舒适，近博能写字楼，万达广场地铁大厦,南昌红谷滩万达广场,单价10496元/平米
精装公寓，温馨舒适，近博能写字楼，万达广场地铁大厦,南昌红谷滩万达广场,单价10496元/平米
房东诚心出售！拎包入住 交通便利,南昌井冈山大道名爵公馆,单价10600元/平米
房东不想打理现将此房卖掉    也想置换一套住宅,南昌红谷滩万达广场,单价11000元/平米
此房已满五年，通透格局，楼层好，视野宽阔采光充足,南昌卷烟厂住宅小区,单价10773元/平米
南齿宿舍 房东诚售 总价低 采光好！看房随时,南昌齿轮场职工生活社区,单价6117元/平米
走过 路过 不要错过 万达金街楼上 低总价一房,南昌红谷滩万达广场,单价10779元/平米
南齿宿舍2室1厅，楼层好，采光充足，诚心出售,南昌齿轮场职工生活社区,单价6445元/平米
央央春天旁 地铁二号线口 高档单位小区两房 免物业,南昌大学医学院住宅区,单价12411元/平米
：教工宿舍，得房率高，户型方正，楼层适中总价低,南昌第十四中教工宿舍,单价11889元/平米
此房配套齐全，交通便利，两房朝南、精装修带家具,南昌齿轮场职工生活社区,单价7447元/平米
此房已满两年，通透格局，楼层好，视野宽阔采光充足,南昌卷烟厂住宅小区,单价12162元/平米
光 线 充 足 视 野 宽 阔 交 通 设 备 便 利,南昌市第一医院小区,单价15526元/平米
华润万家，精装二室，满五唯一，看房有钥匙,南昌阀门廠宿舍三区,单价10197元/平米
地铁口小两房 出行方便 户型端正 配套完善,南昌大学医学院住宅区,单价12001元/平米
市体委住宅小区 位置好 交通便利,南昌市体委住宅小区,单价12558元/平米
福州路 正规两房 楼层好 房东急售 有门卫 可停车,南昌市园林住宅小区,单价14370元/平米
福州路园林住宅小区 正规两房 小区有门卫可停车 诚售,南昌市园林住宅小区,单价13026元/平米
福州路园林住宅区 正规两房 户型通透,南昌市园林住宅小区,单价14688元/平米
小区干净整洁 全明户型方形板正 户型通透客厅连阳台,南昌市公安局桃苑住宅小区,单价13784元/平米
桃苑 外国语旁2000年建成 4号线桃苑站旁 出入方便,南昌市公安局桃苑住宅小区,单价12273元/平米
小区干净整洁 全明户型方形板正 户型通透客厅连阳台,南昌市公安局桃苑住宅小区,单价13514元/平米
繁华路段 桃苑公安小区 安全 交通便利 小孩就近读书,南昌市公安局桃苑住宅小区,单价14180元/平米
小区管理严谨干净整洁 全明户型 户型通透客厅连阳台,南昌市公安局桃苑住宅小区,单价12474元/平米
小区入住率高品质小区，环境优美， 近地铁 贴近江边,南昌市公安局桃苑住宅小区,单价14182元/平米
西湖区 桃苑住宅小区 正规大两房 全明采光充足！！,南昌市公安局桃苑住宅小区,单价13424元/平米
小区入住率高品质小区，环境优美， 近地铁 贴近江边,南昌市公安局桃苑住宅小区,单价14286元/平米
桃苑 外国语旁2000年建成 4号线桃苑站旁 出入方便,南昌市公安局桃苑住宅小区,单价13864元/平米
南昌恒大城 2室2厅 88万,南昌恒大城,单价10991元/平米
南昌恒大城 3室2厅 128万,南昌恒大城,单价10848元/平米
南昌恒大城 2室2厅 93万,南昌恒大城,单价10483元/平米
南昌恒大城 2室2厅 140万,南昌恒大城,单价13439元/平米
南昌中大城 3室2厅 145万,南昌中大城,单价16293元/平米
南昌中大城 3室2厅 142万,南昌中大城,单价15861元/平米
南昌中大城 3室1厅 120万,南昌中大城,单价14724元/平米
南昌恒大城 3室2厅 134万,南昌恒大城,单价10826元/平米
南昌恒大城 3室1厅 130万,南昌恒大城,单价12265元/平米
南昌恒大城 3室2厅 173万,南昌恒大城,单价14298元/平米
南昌恒大城 1室0厅 88万,南昌恒大城,单价7928元/平米
南昌恒大城 2室2厅 95万,南昌恒大城,单价10708元/平米
南昌恒大城 2室1厅 110万,南昌恒大城,单价12223元/平米
南昌恒大城，开发商精装三房！！！,南昌恒大城,单价12675元/平米
南昌中大城 2室1厅 65万,南昌中大城,单价13405元/平米
南昌恒大城 3室2厅 130万,南昌恒大城,单价12381元/平米
南昌恒大城 3室2厅 130万,南昌恒大城,单价10570元/平米
南昌恒大城 3室2厅 120万,南昌恒大城,单价11336元/平米
南昌恒大城 2室1厅 102万,南昌恒大城,单价11421元/平米
南昌中大城 4室2厅 275万,南昌中大城,单价19170元/平米
南昌恒大城 3室2厅 128万,南昌恒大城,单价12494元/平米
南昌恒大城 1室2厅 72万,南昌恒大城,单价11561元/平米
南昌恒大城 2室1厅 95万,南昌恒大城,单价10675元/平米
南昌恒大城装修好，干净舒适，房东诚心出售,南昌恒大城,单价9514元/平米
南昌恒大城精装小三房诚心出售 户型方正,南昌恒大城,单价14604元/平米
南昌恒大城排行前10开发商人车分流绿化优美小区,南昌恒大城,单价10728元/平米
南昌恒大城 三室两厅 精装 诚心出售,南昌恒大城,单价11819元/平米
南昌恒大城 2室2厅 精装修 房东诚售,南昌恒大城,单价11535元/平米
南昌恒大城，房东诚心出售，采光好,南昌恒大城,单价10949元/平米
南昌恒大城，房东诚心出售，小区配套齐全,南昌恒大城,单价11581元/平米
南昌恒大城 环境好 地理位置也好 店铺出售,南昌恒大城,单价17922元/平米
南昌恒大城，精装修三房，小区内自带生活设施,南昌恒大城,单价10119元/平米
南昌恒大城  3房  两厅。。。。,南昌恒大城,单价11574元/平米
全能配套南昌恒大城正宗三房通风效果极好,南昌恒大城,单价10968元/平米
南昌恒大城 精装修 房东诚心出售,南昌恒大城,单价11250元/平米
南昌恒大城！小区环境优美，精装通透四房,南昌恒大城,单价10664元/平米
南昌中大城，精装2房，釆光充足,南昌中大城,单价13873元/平米
南昌恒大城精装三房带家具家电拎包入住,南昌恒大城,单价11723元/平米
南昌铜锣湾广场 4室2厅 450万,南昌铜锣湾广场,单价20051元/平米
南昌恒大绿洲二期 4室2厅 165万,南昌恒大绿洲二期,单价10313元/平米
南昌恒大翡翠华庭 3室2厅 145万,南昌恒大翡翠华庭,单价13454元/平米
南昌恒大翡翠华庭 3室2厅 175万,南昌恒大翡翠华庭,单价13575元/平米
南昌恒大绿洲二期 4室2厅 145万,南昌恒大绿洲二期,单价9063元/平米
南昌恒大翡翠华庭 3室2厅 170万,南昌恒大翡翠华庭,单价13546元/平米
南昌恒大翡翠华庭 3室2厅 130万,南昌恒大翡翠华庭,单价12083元/平米
南昌恒大翡翠华庭 2室2厅 100万,南昌恒大翡翠华庭,单价12449元/平米
安居小区(南昌县) 3室2厅 108万,安居小区(南昌县),单价8438元/平米
南昌县莲塘近澄碧湖公园，配套完善,安居小区(南昌县),单价9451元/平米
安居小区(南昌县) 6室2厅 130万,安居小区(南昌县),单价4711元/平米
安居小区(南昌县) 6室2厅 130万,安居小区(南昌县),单价4711元/平米
南昌時代廣場 5室3厅 150万,南昌時代廣場,单价11687元/平米
安居小区(南昌县) 3室2厅 88万,安居小区(南昌县),单价8149元/平米
安居小区(南昌县) 2室2厅 90万,安居小区(南昌县),单价9279元/平米
南昌小商品城 1室0厅 320万,南昌小商品城,单价24428元/平米
安居小区(南昌县) 3室1厅 98万,安居小区(南昌县),单价10000元/平米
南昌恒大城，金碧物业配套设施完善，精装修三房！！,南昌恒大城,单价11319元/平米
南昌恒大城 花园小区 大三房 开发商精装修,南昌恒大城,单价11250元/平米
南昌中大城70年产权小户型 莲一洪洲华润万家,南昌中大城,单价14400元/平米
南昌齿轮厂宿舍  配套齐全  生活方便,南昌齿轮场职工生活社区,单价8696元/平米
南昌红谷滩万达广场酒店式公寓  舒适,南昌红谷滩万达广场,单价11875元/平米
南昌红谷滩万达广场酒店式公寓  舒适,南昌红谷滩万达广场,单价12084元/平米
南昌恒大绿洲舒适四房开发商统一装修真正的地铁楼盘,南昌恒大绿洲二期,单价9098元/平米
南昌县莲塘恒大绿洲独栋别墅  前后无挡  出门地铁口,南昌恒大绿洲六期,单价20353元/平米
南昌大学南生活区 2室2厅 101万,南昌大学南生活区,单价14020元/平米
南昌恒大翡翠华庭 3室1厅 136万,南昌恒大翡翠华庭,单价12407元/平米
南昌锦海东方银座 1室0厅 190.4万,南昌锦海东方银座,单价16003元/平米
南昌锦海东方银座 1室0厅 159万,南昌锦海东方银座,单价15953元/平米
南昌锦海东方银座 3室2厅 249万,南昌锦海东方银座,单价16001元/平米
南昌锦海东方银座 1室1厅 63万,南昌锦海东方银座,单价16196元/平米
南昌大学的房子，氛围好，环境好。,南昌大学南生活区,单价13203元/平米
南昌大学南生活区的房子，小区氛围好。,南昌大学南生活区,单价12988元/平米
南昌铁路行车公寓 光线好 楼层好 房东诚售,南昌铁路行车公寓,单价11130元/平米
南昌大学南生活区 2室1厅 118万,南昌大学南生活区,单价16490元/平米
南昌中大城精装自住房 朝南小户型70年产权 洪洲莲一,南昌中大城,单价13600元/平米
南昌县财政局宿舍温馨简约的两房 花园社区 直接入住,南昌财政局宿舍,单价10057元/平米
南昌铁路行车公寓 户型好 楼层好 光线好 房东诚售,南昌铁路行车公寓,单价13004元/平米
南昌大学生活区  2室1厅  采光好  交通便利,南昌大学南生活区,单价16086元/平米
南昌大学生活区2室1厅 采光充足 交通便利,南昌大学南生活区,单价13672元/平米
南昌红谷滩万达广场 1室1厅 72万,南昌红谷滩万达广场,单价12065元/平米
南昌市园林住宅小区 2室1厅 98万,南昌市园林住宅小区,单价14824元/平米
南昌大学医学院住宅区 2室1厅 76万,南昌大学医学院住宅区,单价13334元/平米
南昌大学医学院住宅区 2室2厅 112万,南昌大学医学院住宅区,单价15299元/平米
南昌大学北区家属宿舍 2室1厅 110万,南昌大学北区家属宿舍,单价16924元/平米
南昌大学医学院住宅区 2室2厅 96万,南昌大学医学院住宅区,单价13151元/平米
南昌齿轮场职工生活社区 2室1厅 46万,南昌齿轮场职工生活社区,单价8013元/平米
南昌市体委住宅小区 3室2厅 115万,南昌市体委住宅小区,单价12638元/平米
南昌市公安局公安小区 3室2厅 160万,南昌市公安局公安小区,单价14662元/平米
南昌大学医学院住宅区 3室2厅 155万,南昌大学医学院住宅区,单价12110元/平米
南昌井冈山大道名爵公馆 1室1厅 62万,南昌井冈山大道名爵公馆,单价11810元/平米
南昌大学医学院住宅区 2室1厅 90万,南昌大学医学院住宅区,单价15152元/平米
南昌红谷滩万达广场 1室0厅 40万,南昌红谷滩万达广场,单价10107元/平米
南昌大学北区家属宿舍精装三房交通便利房东比较诚心,南昌大学北区家属宿舍,单价14761元/平米
南昌市公安局桃苑住宅小区 3室2厅 198万,南昌市公安局桃苑住宅小区,单价14839元/平米
莲塘北大道1399号南昌化工大市场 1室0厅 101.99万,莲塘北大道1399号南昌化工大市场,单价6877元/平米
"南昌县
南昌县天祥棕榈湾地铁口繁华地段",天祥棕榈湾,单价13611元/平米
南昌市  南昌县  居住主题公园,香榭丽居多层公寓,单价10944元/平米
南昌市  南昌县  象湖区  力高国际城   3房,力高国际城三期,单价10540元/平米
南昌市南昌县九里象湖城 正规大2房出 带超大院子,象湖里九里象湖城,单价11277元/平米
地段繁华，隔壁就是南昌三中，全天阳光,博泰生命树,单价11917元/平米
南昌西站旁  户型好  采光好,西站瑞都,单价11558元/平米
南昌象湖新城真房实际，省时省心省力,象湖里九里象湖城,单价12000元/平米
南昌象湖新力银湖湾品牌物业婚房福利！,新力银湖湾,单价12899元/平米
南昌汇仁阳光小区业主诚心出售！,汇仁阳光花园,单价13386元/平米
南昌象湖新城象湖桃源双层复式楼,象湖桃源,单价12709元/平米
南昌真正半山之上的城市别墅！！！,御湖半山,单价17038元/平米
南昌齿轮厂宿舍户型好空气对流生活便利,庐山中大道南齿宿舍（蛟桥菜场小区）,单价6583元/平米
南昌市红谷滩新区欧尚国际公馆 舒适,欧尚国际公馆,单价11145元/平米
南昌经开区英伦联邦交通便利配套齐全,洪客隆英伦联邦,单价8960元/平米
南昌经开区青岚嘉园配套齐全交通方便。。。,青岚嘉园,单价11889元/平米
恒大城精装2房2厅1厨1卫位置好，光线好,南昌恒大城,单价10951元/平米
象湖 恒大城 79平两房 开发商统一精装修 日照时间长,南昌恒大城,单价11267元/平米
恒大城    三房     南北通透,南昌恒大城,单价11944元/平米
象湖区，恒大城精装修三室两厅一卫,南昌恒大城,单价10706元/平米
恒大三房中间楼层 ，边户面积刚好，适合大多数买房人,南昌恒大城,单价11727元/平米
恒大城精装三房朝南！家具家电全带 视野光线佳 随时看,南昌恒大城,单价11135元/平米
本房原房东自住房 家具家电全带拎包入住,南昌恒大城,单价12196元/平米
位置佳，楼层号。前后双阳台可看景观河,南昌恒大城,单价10195元/平米
房东诚心出售宜居恒大城三房 配套成熟 采光好,南昌恒大城,单价9911元/平米
方形端正，户型通透，生活便利。,南昌恒大城,单价11353元/平米
恒大城大三房精装修 家具家电全带,南昌恒大城,单价12358元/平米
象湖 恒大城 精装大三房两卫 配套齐全交通便利,南昌恒大城,单价9942元/平米
恒大城      复式楼     四房两厅一卫,南昌恒大城,单价12131元/平米
户型端正 通透 光线无挡 小区环境很好,南昌恒大城,单价10440元/平米
金装修 跃层复式  采光好  户型正,南昌中大城,单价27339元/平米
此房已经满两年，可以买卖，栋楼位置好，无贷款。,南昌恒大城,单价10130元/平米
恒大城  精装三房拎包入住 环境优美,南昌恒大城,单价12025元/平米
恒大城 三房精装修 家具家电全带  看中可小刀,南昌恒大城,单价10792元/平米
中大城 电梯两层复式 奢华欧式装修,南昌中大城,单价16365元/平米
中大城读书便利，围绕着小区，都离的比较近,南昌中大城,单价13000元/平米
经典装修小三室，阳台全线无遮挡，,南昌恒大城,单价11613元/平米
"优质房源，价格良心，交通便利,",南昌恒大城,单价10880元/平米
70年产权 通天燃气 正规一房 光线充足,南昌恒大城,单价11483元/平米
首付25万买恒大城精装两房 适合居家婚房 品牌开发商,南昌恒大城,单价11359元/平米
楼层好 视野广 前面无挡 位置好,南昌恒大城,单价10838元/平米
精装 未入住过 一手房朝南户型 视野开阔 楼层好,南昌恒大城,单价11507元/平米
房东诚心出售，房屋精装修，小区物业好。,南昌恒大城,单价10983元/平米
中大城精装公寓 楼层好 采光足 户型通透 房东诚售,南昌中大城,单价14864元/平米
品牌小区恒大城  刚需户型  出行便利 配套齐全 环境好,南昌恒大城,单价11657元/平米
中大城精装3房，房东诚售，看房方便,南昌中大城,单价13511元/平米
恒大城 精装房 业主自己自住装修 材料都好,南昌恒大城,单价10932元/平米
房东诚心出售，房屋精装修，小区物业好。,南昌恒大城,单价12167元/平米
齐全社区配套，悦享精致生活，出行便利。,南昌恒大城,单价13562元/平米
恒大地产 花园式小区 精装三房 物业管理好 房东诚售,南昌恒大城,单价12638元/平米
象湖恒大城 品牌社区 精装电梯房 全南户型 通风采光,南昌恒大城,单价10989元/平米
户型方正 一房南一房北 精装修家电齐全拎包入住带阳台,南昌恒大城,单价12166元/平米
环境好 地理位置也好 小区感觉舒适！,南昌恒大城,单价13009元/平米
小孩可直接就读豫章，精装2房出售，可直接拎包入住,南昌恒大城,单价10596元/平米
恒大城 大三房 随时看 诚心出售,南昌恒大城,单价12894元/平米
象湖新城恒大城优质房源出售，请咨询我,南昌恒大城,单价12768元/平米
开发商精装带上业主配家电，拎包入住,南昌恒大城,单价11292元/平米
中大城 电梯房 业主诚心放卖 看房方便 有钥匙,南昌中大城,单价16268元/平米
房主诚心卖，需要换房，地段好，可以很好的看夜景,南昌恒大城,单价9891元/平米
"户型端正, 超大三房，视野开阔，房东诚心出售",南昌恒大城,单价12237元/平米
恒大城精装交付，没有住过的空房......,南昌恒大城,单价9979元/平米
房东诚信卖，小区环境好，交通便利。,南昌恒大城,单价12017元/平米
配套齐全，交通便利，人文环境好 采光好,南昌恒大城,单价12455元/平米
全天阳光充足，楼层佳，宜居住！！！,南昌恒大城,单价12225元/平米
恒大城精装三房，双阳台，采光充足,南昌恒大城,单价10703元/平米
采光充足，配套齐，交通便利，人文环境好,南昌恒大城,单价10589元/平米
恒大城精装三房，位置好出入方便，东端户型,南昌恒大城,单价11571元/平米
恒大城 南北透透 楼层好 视野广 前面无挡 位置好,南昌恒大城,单价11133元/平米
房东诚心出售，房屋精装修，真房源,南昌恒大城,单价12386元/平米
格局好 视野开阔 采光充足 物业好 房型好配套齐全,南昌恒大城,单价12773元/平米
房东诚心出售，位于小区中间，采光充足，视野宽阔。,南昌恒大城,单价11667元/平米
恒大城南北通透4室2厅，配套齐，交通便利，环境优,南昌恒大城,单价12708元/平米
恒大城南北通透4室2厅，配套齐，交通便利,南昌恒大城,单价10982元/平米
恒大城南北通透3室2厅，配套齐，交通便利,南昌恒大城,单价11483元/平米
恒大城2室2厅，配套齐，交通便利,南昌恒大城,单价11222元/平米
恒大城景观楼栋位置，一线湖景房,南昌恒大城,单价9816元/平米
恒大城精装两房，南北通透。双阳台,南昌恒大城,单价11297元/平米
恒大城两房 精装修80 诚心出售,南昌恒大城,单价11628元/平米
恒大品牌小区，悦享精致生活，金碧物业,南昌恒大城,单价12197元/平米
恒大城 开发商精装 小区自带教育 拎包入住,南昌恒大城,单价11166元/平米
恒大城全面朝南户型，2梯三户，礼包入住！,南昌恒大城,单价10247元/平米
象湖精装修   配套齐全  户型通透 居家装修  成熟配套,南昌恒大城,单价11267元/平米
恒大城，电梯，高楼层，红本在手,南昌恒大城,单价11568元/平米
楼层好 视野广 前面无挡 位置好,南昌恒大城,单价10910元/平米
房子户型好  视线佳   无浪费空间,南昌恒大城,单价12656元/平米
恒大城精装修3房  品质高 物业好,南昌恒大城,单价11539元/平米
房东诚心出售，物业好，绿化美、,南昌恒大城,单价11429元/平米
品牌开发商 精装修复式 随时看房,南昌恒大城,单价10165元/平米
满五唯一 小区环境好 物业服务优质,南昌恒大城,单价11016元/平米
此房采光好，配套齐全，交通便利，小区绿化环境不错,南昌恒大城,单价11115元/平米
房子装修是真的好，楼层也是好的，看中可谈,南昌恒大城,单价12419元/平米
恒大城开发商精装，三居室，朝南，湖景房，可做婚房,南昌恒大城,单价12904元/平米
房东诚心出售，房屋精装修，没入住过,南昌恒大城,单价11755元/平米
真实房源，房东诚心出售，房屋精装修。,南昌恒大城,单价11993元/平米
精装修三房，通透户型，环境好，拎包入住,南昌恒大城,单价11765元/平米
诚售 恒大城三房楼层好采光佳出行便利,南昌恒大城,单价12084元/平米
朝南户型，朝南的，开发商统一装修，全新硬装,南昌恒大城,单价12095元/平米
恒大城精装修二房 双阳台 房东急售,南昌恒大城,单价9936元/平米
恒大城舒适二房 全天阳光充足 楼层佳宜居,南昌恒大城,单价11466元/平米
恒大城精装二房 小区配套完善采光好  诚心出售,南昌恒大城,单价10865元/平米
采光充足，配套齐，交通便利，人文环境..,南昌恒大城,单价11506元/平米
恒大城实用两房，价格低，速度下手,南昌恒大城,单价11287元/平米
房东诚心出售，配套齐全，交通便利。,南昌恒大城,单价10728元/平米
房东诚心出售，精装修 小区环境 物业管理好,南昌恒大城,单价12755元/平米
恒大城舒适3房，配套齐全，环境好,南昌恒大城,单价10811元/平米
恒大三房诚意出售，带家具家电。,南昌恒大城,单价10808元/平米
大三居，精装修，拎包入住即可。,南昌恒大城,单价11228元/平米
出门就是莲一中，洪州，交通方便价格实惠，房东诚心售,南昌中大城,单价14000元/平米
该小区的绿化环境清新宜人，交通条件便利。,南昌恒大城,单价13143元/平米
房东精装修直接拎包入住三室两厅,南昌中大城,单价19513元/平米
精装三房，采光充足，环境好绿化高。,南昌恒大城,单价12571元/平米
精装恒大城视野广阔采光好交通便利,南昌恒大城,单价11199元/平米
该小区的绿化环境清新宜人，交通条件便利。,南昌恒大城,单价11440元/平米
恒大精装二房，诚心出售。开发商统一精装,南昌恒大城,单价11359元/平米
恒大城居家好环境，通透两房精装修。,南昌恒大城,单价11065元/平米
恒大城 金装3房 小区口出入方便,南昌恒大城,单价12692元/平米
恒大城绿化好，朝南好户型，视野开阔,南昌恒大城,单价12319元/平米
中大城小面积房精装修拎包入住.,南昌中大城,单价14022元/平米
房东诚心出售，看价格好谈，房东很好说话。,南昌恒大城,单价11300元/平米
房东诚心出售，楼层好采光足，价格实惠,南昌恒大城,单价13560元/平米
此房采光好，配套齐全，交通便利，小区绿化环境不错,南昌恒大城,单价10494元/平米
此房诚心出售，楼层居中，采光极好，配套齐全,南昌恒大城,单价13795元/平米
恒大城精装通透三房！房东诚心出售,南昌恒大城,单价11809元/平米
采光充足，配套齐，交通便利，人文环境好,南昌恒大城,单价11112元/平米
恒大品牌开发商 精装修 中上楼层 端户 诚心出售,南昌恒大城,单价10947元/平米
此房采光好，配套齐全，交通便利，恒大集团世界500强,南昌恒大城,单价13548元/平米
格局好视野开阔，采光充足，配套齐全，交通便利。,南昌恒大城,单价12245元/平米
这房东是诚心出售，房屋精装修好的。,南昌恒大城,单价12435元/平米
恒大城 精装修 房东诚心出售 可以拎包入住,南昌恒大城,单价10597元/平米
恒大城舒适二房  陪套齐全 小区环境好,南昌恒大城,单价11741元/平米
恒大城正规2房 房东诚心出售 配套完善 采光好,南昌恒大城,单价12677元/平米
品质小区恒大城  环境好  间距宽  户型好  南北对流,南昌恒大城,单价13621元/平米
楼层*中间的户型，价格好看，看房方便,南昌中大城,单价14510元/平米
恒大城专梯专户 户型方正 交通便利,南昌恒大城,单价12474元/平米
恒大城2房，视野宽阔，采光充足，房东诚卖。,南昌恒大城,单价12750元/平米
恒大城精装三房，家具齐全，拎包入住,南昌恒大城,单价11709元/平米
象湖新城恒大城住家两房，拎包入住配套全，读书便捷,南昌恒大城,单价12070元/平米
象湖新城恒大城通透大三房 住家装修读书方便配套全,南昌恒大城,单价11676元/平米
此房采光好，交通便利，小区绿化环境很好,南昌恒大城,单价11878元/平米
小区绿化好，交通便利，采光充足，配套齐全,南昌恒大城,单价10361元/平米
恒大城房子开发商精装修车位  ，楼层好环境好,南昌恒大城,单价12467元/平米
中大城  电梯房  业主诚心卖 看房方便  有钥匙,南昌中大城,单价14676元/平米
恒大城三房两厅  开发商精装修,南昌恒大城,单价11807元/平米
园林式建筑，花园式绿化，象湖的明珠,南昌恒大城,单价11818元/平米
格局很好，楼层好，视野宽阔，采光充足,南昌恒大城,单价12937元/平米
格局很好，楼层好，视野宽阔，采光充足,南昌恒大城,单价11943元/平米
南昌西站正荣润园二楼带院子的洋房 位置好,正荣润园,单价18559元/平米
学府公馆地段佳，靠南昌市委党校，品牌开发商,绿地学府公馆,单价11683元/平米
南昌象湖新城真房实价，省心省时省力,伟梦清水湾,单价10274元/平米
靠西游地铁一号线高新大道（可直达南昌西站）,南洋花园,单价17373元/平米
南昌市湾里区洪恒花园小区房东诚意出售,洪恒花园,单价6403元/平米
南昌二中 地铁口万达广场交通便利 采光充足,联泰香域中央（A区和B区）,单价33409元/平米
南昌市湾里区湾上首座小区房东诚意出售,湾上首座,单价9325元/平米
南昌阳光丽景精装房 采光好 交通便利,阳光丽景,单价9061元/平米
桃苑大街南昌外国语旁 高档小区两房朝南太阳全天,世纪名族园,单价15186元/平米
青岚嘉园全天阳光南昌十中金科集美阳光旁,青岚嘉园,单价9881元/平米
非南昌户口也可买 毛坯复式两层 随自己喜欢装修,江西奥林匹克花园,单价11102元/平米
南昌县象湖新城，真实房源，真实价格。,居住主题公园-丁香怡景A区,单价11622元/平米
南昌县象湖新城，平安象湖风情小区,平安象湖风情,单价11161元/平米
南昌县  紫阳花园   房东诚心出售,紫阳花园,单价13680元/平米
南昌的一座标杆城，你志在必得！,银企小区,单价12891元/平米
御湖半山二期精品房源 靠南昌院子的联排 端户,御湖半山,单价13699元/平米
南昌象湖新城真房实价，省心省时省力,象湖里九里象湖城,单价10484元/平米
南昌经开区5居室叠墅出售附带前后双院子,绿地悦公馆,单价18564元/平米
南昌紫金城，银亿帝王墅，尊享奢华，舒适体验。,银亿上尚城北区,单价17603元/平米
南昌县.西水滨鹭岛.2室2厅..,西水滨鹭岛,单价11023元/平米
南昌县  紫阳花园   房东诚心出售,紫阳花园,单价9832元/平米
南昌十中 中海锦城隔壁 毛坯3房 房东诚售,绿地悦公馆,单价10928元/平米
南昌县莲塘近澄碧湖  交通方便,湖景雅居,单价7542元/平米
桃苑大街南昌外国语旁开放式小区通透两房朝南,振中小区,单价12911元/平米
桃苑大街南昌外国语旁开放式小区通透三房朝南,振中小区,单价13775元/平米
桃苑南昌外国语旁小区通透三房房东诚售,桃苑三区,单价11326元/平米
昌东大道南昌城东亿巢名城小区精装三房诚心出售,亿巢名城,单价13210元/平米
南昌市湾里区梅岭风景区山脚下好房出售,湾上首座,单价9753元/平米
绿地悦公馆南昌十中万科金域国际旁改善手选房东急售,绿地悦公馆,单价11550元/平米
桃苑大街南昌外国语旁高档住宅小区复式四房,世纪名族园,单价13419元/平米
桃苑大街南昌外国语旁开放式小区实用小三房朝南,振中小区,单价12879元/平米
九龙湖双地铁口 品质小区品质物业 近南昌西站,新力琥珀园一期,单价14983元/平米
南昌正荣 三房两厅 装修清爽 户型通透,西水滨小区,单价9956元/平米
南昌西站旁 双地铁口 品质小区 金 牌物业,新力琥珀园一期,单价16293元/平米
九龙湖 南昌西站旁 四号线 双地铁口,新力琥珀园一期,单价16828元/平米
南昌市湾里区梅岭山脚下好房出售,保利半山国际比弗利,单价11449元/平米
社区新力物业南昌西站旁 双地铁口 品质小区,新力琥珀园一期,单价25492元/平米
南昌经开区英伦联邦复式楼配套齐全交通便利。。。,洪客隆英伦联邦,单价19566元/平米
南昌院子二期端户 看山景湖景 视野开阔无挡,御湖半山,单价16854元/平米
南昌万达文化旅游城  方正两房 视野,万达文化旅游城D区,单价14201元/平米
学府公馆地段佳，靠南昌市委党校，品牌开发商,绿地学府公馆,单价10570元/平米
南昌县象湖新城，真实房源，真实价格。,居住主题公园-丁香怡景A区,单价11201元/平米
南昌象湖新城真房实价，省心省时省力,金沙逸都,单价11414元/平米
南昌象湖新城真房实价，省心省时省力,居住主题公园-凯旋银座,单价10406元/平米
南昌县莲塘上海新城 毛坯复式 小区环境安静舒适,上海新城小区,单价4305元/平米
南昌市湾里区梅岭山脚下好房出售,保利半山国际檀香湾畔,单价8000元/平米
南昌火车站地铁口旁优质两房急售，看中即可私聊,昌九小区,单价18154元/平米
南昌县.  采知轩. 2室2厅,采知轩,单价11929元/平米
南昌县  房东诚心出售精装房 出行生活方便,嘉业花园,单价10292元/平米
交通方便，南昌大学旁，南面无挡，视野好,金球小区,单价8904元/平米
朝阳洲南路 抚生路 沿江路 南昌大桥,朝阳小区,单价11240元/平米
南昌市湾里区磨盘山8号小区房东诚意出售,磨盘山8号,单价9944元/平米
南昌市湾里区磨盘山8号小区房东诚意出售,磨盘山8号,单价8987元/平米
南昌市湾里区梅岭风景区山脚下好房出售,南标小区,单价7952元/平米
南昌市湾里区乾茂山庄小区花园洋房,乾茂山庄,单价8540元/平米
南昌西站旁 双地铁口 品质小区 金 牌物业,新力琥珀园一期,单价10205元/平米
桃苑大街南昌外国语旁开放式小区通透一房朝南,振中小区,单价14286元/平米
南昌县上海新城  花园社区 正规精装两房,上海新城小区,单价5422元/平米
南昌大学旁，金球小区，太阳好，诚心出售,金球小区,单价10848元/平米
南昌金域华府精装房 户型好 中高层采光好,金域华府,单价13186元/平米
南昌县象湖新城，真实房源，真实价格。,金沙逸都,单价9949元/平米
南昌万达文化旅游城 居家两房 楼层采光视野佳,万达文化旅游城D区,单价13920元/平米
南昌万达文化旅游城 户型好 采光好 价格美丽,万达文化旅游城D区,单价13655元/平米
非南昌户口一样买 真实房源真实价,平安象湖风情,单价10146元/平米
南昌象湖新城真房实价，省心省时省力,伟梦清水湾,单价9809元/平米
南昌象湖新城平安象湖风情真实房源真实价钱,平安象湖风情,单价9985元/平米
南昌  西站旁  户型好  采光好  安静不临街,西站瑞都,单价11689元/平米
南昌精装公寓   交通便利   生活便利  房东急售,玉河明珠小区,单价10370元/平米
南昌大学旁 青山湖小区 正规一室一厅,青山湖社区,单价11491元/平米
南昌县天祥棕榈湾近地铁口环境好,天祥棕榈湾,单价8859元/平米
南方大厦，南昌第十九中旁。。。,南方大厦,单价10976元/平米
南昌莲塘桃源丰景小区小户型 中层房子 交通方便,桃源丰景小区,单价9150元/平米
南昌万达文化旅游 江景湖景 南北通透,万达文化旅游城D区,单价14836元/平米
南昌万达文化旅游城 通透三室两厅  阳光无挡,万达文化旅游城D区,单价13500元/平米
南昌万文化旅游达城 刚需两房 价格美丽 诚意出售,万达文化旅游城D区,单价13904元/平米
南昌万达文化旅游城 房东诚售  房型方正,万达文化旅游城A2区,单价15091元/平米
学府公馆地段佳，靠南昌市委党校，品牌开发商,绿地学府公馆,单价10793元/平米
南昌达观国际，小区环境优美，设施配套完善。,达观国际,单价12386元/平米
南昌象湖新城真房实价，省心省时省力,江西奥林匹克花园,单价10366元/平米
南昌象湖新城居住主题公园丁香怡景真实房源真实价钱,居住主题公园-丁香怡景A区,单价9910元/平米
南昌象湖新城新力愉景湾真实房源真实价钱,新力愉景湾,单价11994元/平米
南昌象湖新城真房实价，省心省时省力,九里坊九里象湖城,单价11734元/平米
南昌县象湖新城，真实房源，真实价格。,金沙逸都,单价9381元/平米
南昌县象湖新城，真实房源，真实价格。,金沙逸都,单价11171元/平米
南昌象湖新城居住主题公园真实房源真实价钱,居住主题公园-桂芳景绣多层公寓,单价10990元/平米
南昌县象湖新城，真实房源，真实价格。,金沙逸都,单价11499元/平米
南昌象湖新城真房实价，省心省时省力,居住主题公园-凯旋银座,单价8750元/平米
南昌万达文化旅游城 房东诚售  降价处理,万达文化旅游城A1区,单价17283元/平米
南昌万达文化旅游城    购物方便    房东诚意出售,万达文化旅游城C区,单价16094元/平米
南昌文旅城户型方正，主次分明三房，无面积浪费,万达文化旅游城D区,单价16797元/平米
南昌万达文化旅游城  游乐场 近万达茂商场,万达文化旅游城D区,单价16792元/平米
南昌象湖新城真房实价，省心省时省力,伟梦东方院,单价16217元/平米
南昌象湖新城真房实价，省心省时省力,象湖里九里象湖城,单价10721元/平米
南昌象湖新城真房实价，省心省时省力,康健里九里象湖城,单价11000元/平米
南昌象湖新城枫林美庐真实房源真实价钱业主诚心出售,居住主题公园-枫林美庐,单价17284元/平米
南昌全别墅群 环境优美  小区住的舒服,绿地兰宫,单价20246元/平米
南昌县 品牌开发商 恒大绿洲大三房,恒大绿洲五期,单价9343元/平米
业主诚心出售，家具齐全比邻近南昌动物园,宏泰世纪滨江,单价15933元/平米
背靠省政府 南昌西站商圈二号线龙岗站 175万带车位,九龙湖花园一区,单价15369元/平米
南昌市青山湖风景独好价格优惠，风景独好,万科金色名郡,单价7919元/平米
心里价位高 人不在南昌 也没有放钥匙 晚点在看看,平海观澜九里象湖城,单价15118元/平米
南昌的一座标杆城，你志在必得！,钦都豫景,单价14522元/平米
南昌象湖新城真房实价，省心省时省力,江西奥林匹克花园,单价11288元/平米
南昌万达文化旅游城   品质别墅 万达游乐场,万达文化旅游城B区,单价35347元/平米
南昌万达文化旅游城 万达游乐园   大商场,万达文化旅游城C区,单价14459元/平米
朝阳正 中  第三医院 南昌动物园,中海朝阳郡铂宫,单价18634元/平米
周 边有南昌二中，红谷一 小，商圈配套成熟,沙井安居小区,单价19394元/平米
南昌地段好的房子，你还在选什么呢？,绿地未来城,单价11499元/平米
南昌县莲塘梦里水乡天一 精装一居室  中间楼层通透,梦里水乡,单价13687元/平米
西站瑞都 业主诚心出售南昌西客站旁 毛坯三房,西站瑞都,单价12381元/平米
南昌县.煌盛公园.3室2厅...,煌盛中央公园,单价13484元/平米
湖景房 70年产权loft 南昌西站相邻,银凯公元·九珑,单价9630元/平米
南昌县象湖新城，真实房源，真实价格。,金沙逸都,单价10228元/平米
绿地悦公馆 悦美花园 万科金域国际南昌十中旁,绿地悦公馆,单价10982元/平米
抚生路 南昌大桥上桥口 皇冠国际花园,皇冠国际花园,单价16104元/平米
南昌的一座标杆城，你志在必得！,庐山花园,单价13351元/平米
南昌县繁华闹市区2015年建的电梯大三房急售急售,澄湖国际,单价14740元/平米
好空气 视野开阔端户 御湖南昌院子 山中别墅,御湖半山,单价14328元/平米
联发广场写字楼  南昌经典精装修写字楼高档办公,联发广场,单价13208元/平米
南昌景河星宫，小区环境优美，设施配套完善。,景河星宫,单价14245元/平米
东方国际 南昌二中旁 通透3房 带车位急售,洪城东方国际,单价14307元/平米
南昌市湾里区梅岭风景区山脚下好房出售,江中御墅,单价9487元/平米
南昌市湾里区远洋天骄小区房东诚意出售,远洋天骄,单价10456元/平米
天高进士第麦园景苑南昌二中旁通透两室两厅低价出售,天高进士第,单价8196元/平米
南昌市英雄经济开发区英雄大道  领秀公馆公寓,领秀新天地,单价4188元/平米
南昌铁路九村第三区，小区环境优美，设施配套完善。,铁路九村,单价9177元/平米
南昌县莲塘澄湖北大道，近澄碧湖,凤凰晴源,单价12699元/平米
瑶湖公园旁绿地未来城毛坯三房享南昌氧气之城,绿地未来城,单价10994元/平米
南昌市湾里区梅岭风景区山脚下好房出售,湾上首座,单价11500元/平米
标准3房，一路之隔南昌师范附属,路通沁园,单价14945元/平米
新力龙湾小区 新力品质 小区绿化物业南昌数一数二,新力龙湾,单价12932元/平米
板式南北通，南昌师范及二十八中，无公摊,紫东嘉园,单价17290元/平米
南昌市湾里区梅岭山脚下好房出售,乾茂山庄,单价10031元/平米
南昌外国语旁桃苑桃花路小区干净整洁通透两房,桃花苑商住小区,单价10541元/平米
南昌市湾里区梅岭山脚下好房出售,帝景湾洋城,单价6974元/平米
南昌县百货大楼 县医院，步行街下楼就到,维也纳购物广场,单价11175元/平米
南昌近地铁交通便利小区环境优美，位置好,中国铁建青秀城,单价10233元/平米
南昌市湾里区梅岭风景区山脚下好房出售,乾茂山庄,单价12386元/平米
南昌县天河守府 三房两卫 前后空旷 位置很好,天河首府,单价4509元/平米
南昌后花园梅岭景区脚下，景区旁入则宁静，出行方便,湾里区瀚德逸居,单价4208元/平米
南昌县 莲塘镇 南岸公园房源在售,南岸公园,单价9120元/平米
南昌天御国际两室一厅一厨一卫51平90万,天御国际,单价14649元/平米
江西省南昌市进贤县豪景壹品小区,豪景壹品,单价9077元/平米
楼下地铁口，北边南昌大学，游玩有商场，市民公园！,绿地学府公馆,单价14019元/平米
南昌万科首盘  万科四季花城   万科海上传奇,万科四季花城夏瑾苑,单价23461元/平米
南昌万达文化旅游城  户型端正  楼下万达茂商圈,万达文化旅游城A1区,单价17606元/平米
南昌万达文化旅游城 户型方正 房东急售,万达文化旅游城C区,单价14856元/平米
南昌后花园梅岭景区脚下，景区旁入则宁静，出则繁华,湾里区瀚德逸居,单价4519元/平米
南昌后花园梅岭景区脚下，景区旁入则宁静，出则繁华,湾里区瀚德逸居,单价4374元/平米
南昌县力高君御世家 小高层洋房安静 私密性好,力高君御世家,单价8566元/平米
南昌后花园梅岭景区脚下，景区旁入则宁静，出则繁华,湾里区瀚德逸居,单价5257元/平米
南昌万科城一二期，小区环境优美，配套完善。,万科城一二期,单价14988元/平米
南昌县恒大绿洲 户型端正 精装四房 房东置换,恒大绿洲四期,单价8772元/平米
南昌市湾里区梅岭风景区山脚下好房出售,九洲云湾,单价10804元/平米
御湖半山二期精品房源 靠南昌院子的叠加,御湖半山,单价10870元/平米
南昌县上海新城  花园社区 正规大两房,上海新城小区,单价5774元/平米
保利半山温泉谷南昌城内唯一的山水别墅，全实木装修,保利半山国际比弗利,单价32535元/平米
南昌后花园  湾里区 环境好 空气好,湾里区恒茂森林海,单价8609元/平米
南昌县  楼层好 采光充足 配套设备齐,迎宾珑湾,单价8000元/平米
养老房，l绿水青山。南昌的后花园！！！！,湾里区瀚德逸居,单价4716元/平米
康城一期精装房 中间楼层 地铁口小区 南昌客运站,康城一期,单价10017元/平米
南昌市经开区新力澜湾旁公寓精装修诚心出售,领秀新天地,单价8750元/平米
南昌后花园梅岭景区脚下，景区旁入则宁静，出行方便,湾里区瀚德逸居,单价5790元/平米
南昌西站旁、 双地铁口 、品质小区,新力琥珀园一期,单价12858元/平米
南昌县城城区，商场就在楼下，过马路就是县医院。,维也纳购物广场,单价8636元/平米
南昌西站旁，生活配套齐全，业主目前诚心出售,隆祥苑,单价13847元/平米
象湖小区，过马路就是南昌建材大市场，去沃尔玛方便,建京社区,单价8924元/平米
南昌大学一附院旁的 通透三房，,锦竹幸福里,单价11608元/平米
南昌县 精装房 房东诚心出售  方便出行 拎包入住,景江豪城,单价7415元/平米
南昌一中旁 中低楼层有小院 三房 要自行装修,老贡院巷,单价12603元/平米
南昌经济开发区青秀城视野开阔精装三房拎包入住,中国铁建青秀城,单价12945元/平米
南昌汤臣一品 阿玛尼风格 全新从未入住 自带智能马桶,新力雅园,单价42558元/平米
赣江旁精装修大别墅 首付两成即可安家南昌二环,紫阳花园,单价16987元/平米
南昌经开区绿地悦公馆大三房视野好交通便利,绿地悦公馆,单价13403元/平米
南昌后花园梅岭景区脚下，景区旁入则宁静，出则繁华,湾里区太平旅游商贸园,单价6976元/平米
南昌经开区英伦联邦精装大三房配套齐全拎包入住,洪客隆英伦联邦,单价15708元/平米
南昌经开区青秀城精装三房近地铁交通方便,中国铁建青秀城,单价13295元/平米
南昌标志性建筑双子塔旁，一线江景名邸，尽显尊贵！,海珀兰庭,单价17488元/平米
安居小区  出门澄碧湖  莲塘 1 小  交通便利  环境好,安居小区(南昌县),单价11554元/平米
朝南户型，楼层好。采光充足，使用率高。,安居小区(南昌县),单价9906元/平米
安居小区 通透三居室  精装空闲  有钥匙随时能看房,安居小区(南昌县),单价9694元/平米
莲塘安居小区，近澄碧湖华润万家，多条BRT快速线路,安居小区(南昌县),单价9526元/平米
站小，一中，楼层位置好，采光充足无遮挡,南昌恒大华府,单价21490元/平米
此房通透格局  楼层视野好  房东诚心出售,安居小区(南昌县),单价7667元/平米
澄碧湖旁安居小区三房  中间楼层,安居小区(南昌县),单价8475元/平米
莲塘安居小区 大三房通透带楼下10多平米储藏间近澄湖,安居小区(南昌县),单价7347元/平米
农贸街 安居小区现浇4房  靠澄碧湖 莲塘老街,安居小区(南昌县),单价7547元/平米
繁华地段舒适两房 靠澄碧湖 配套完善,安居小区(南昌县),单价9551元/平米
出小区北门就到澄碧湖公园，楼梯金三银四的楼层诚售。,安居小区(南昌县),单价11905元/平米
房东诚售高采光恒大品质精装大三房,南昌恒大华府,单价20635元/平米
南昌五中旁，稀有三层复式，总高五楼，诚意出售,银燕名园,单价15554元/平米
楼层好 配套齐全 交通便利 南昌大学 天虹商场,省科学院,单价10672元/平米
九龙湖 绿地国博二期 近地铁口和南昌二中,绿地国际博览城二期博隆,单价16461元/平米
南昌院子一期御湖半山 采光好 视野好 花园 诚心出售,御湖半山,单价10770元/平米
复式三层花园洋房实木装修 非南昌户口也可买,江西奥林匹克花园,单价14523元/平米
南昌县莲塘 恒大一期 精装带家具 交通便利 生活方便,恒大绿洲一期,单价10000元/平米
南昌县 品牌开发商 小区管理严谨 房东自装 带车位,南部美的城,单价11574元/平米
南昌县象湖新城精装三房 户型方正 通透格局，视野开阔,居住主题公园-枫丹白鹭,单价10618元/平米
南昌雅颂居 全线江景房 独揽赣江 户型方正 专业讲解,雅颂居,单价35000元/平米
南昌雅颂居 全线江景房 独揽赣江 户型方正 专业讲解,雅颂居,单价30121元/平米
南昌十中隔壁绿地悦公馆 舒适洋房 毛坯可自由装修,绿地悦公馆,单价13000元/平米
桃苑大街 世纪名族园小区 南昌外国语旁 近地铁,世纪名族园,单价12761元/平米
桃花苑商住小区 南昌外国语旁 通透三房 邻。近地铁,桃花苑商住小区,单价10187元/平米
南昌县力高君御世家 小区环境优美 前后视野无遮挡,力高君御世家,单价8343元/平米
桃苑西路南昌外国语旁高档住宅小区朝南三房,世纪名族园,单价14125元/平米
万科金域国际精装三房  南昌十中旁 房东急售 价格可谈,万科金域国际,单价13298元/平米
御湖半山南昌院子 双拼别墅带天井 每一个套间都带露台,御湖半山,单价16000元/平米
地铁4号线双出口 品质小区 金 牌物业 南昌西站旁,新力琥珀园一期,单价15048元/平米
南昌西站旁 地铁4号线双出口 品质小区 金 牌物业,新力琥珀园一期,单价19709元/平米
保利东湾 北靠沿江 前后无挡 近南昌三中 四号地铁,保利东湾国际,单价15959元/平米
房东急售 精装修5层别墅 不在南昌住了 脱手,湖韵天成,单价22601元/平米
南昌西站旁 地铁四号线双出口 品 质小区 新力物业,新力琥珀园二期,单价25548元/平米
南昌西站旁 地铁四号线双出口 品 质小区 新力物业,新力琥珀园一期,单价15084元/平米
象山北路邮政银行宿舍 高楼层 南昌市工农兵医院旁,象山北路,单价11236元/平米
非南昌户口也可买 大三房洋房通透户型 带家具家电,江西奥林匹克花园,单价12705元/平米
象湖新城 非南昌户口也可买 大三房带装修家具家电,江西奥林匹克花园,单价10700元/平米
南昌县 赣商洪城里旁 发展潜力大，精装通透三房,南部美的城,单价10669元/平米
华南城一期九珑府，南昌西站，高区，不靠马路,九珑府,单价12717元/平米
南昌万达文化旅游城 通透大三房 视野 低于市价15万,万达文化旅游城D区,单价13648元/平米
南昌火车站旁 地段好 通透三房 有露台,岔道口西路社区,单价11360元/平米
南昌县上海新城 花园社区 业主诚心出售 看房提前约,上海新城小区,单价4279元/平米
南昌后花园中 心腹 地，小区内部人工湖，超前户型设计,九洲·依云郡,单价8603元/平米
昌北铜锣湾广场旁 2房出售 读南昌2中,庐山南大道326号,单价17366元/平米
南昌西站旁 地铁口 新力琥珀园 loft公寓 新力物业,新力琥珀园一期,单价10205元/平米
桃苑大街 桃苑一区 南昌外国语旁 两房朝南 户型通透,桃苑一区,单价11888元/平米
毗近南昌大学、恒茂梦时代 谢家村地铁口 城东法院宿舍,青山湖社区,单价12381元/平米
南昌西站旁 地铁口旁  精装修  一层享两层,新力琥珀园一期,单价10205元/平米
正地铁口 南昌西站旁 金装修 带家具家电 拎包入住,新力琥珀园一期,单价10205元/平米
诚售南昌好地段 文教路 两房急售 户型通透 交通方便,文教路170号,单价12484元/平米
九龙湖板块， 南昌西站旁 ，交通便利 。,九龙阳光,单价9965元/平米
南昌万达文化旅游城 地铁口 育新为邻  随时可看房,万达文化旅游城E区,单价13998元/平米
南昌 象湖新城 保集三期 精装三房  小区环境出入方便,保集半岛御河湾三期,单价14953元/平米
南昌县水悦湾二区 温馨简约的两房 花园社区,银河城水悦湾二区,单价10267元/平米
红谷瑞仕城际广场 九龙湖 南昌西 带阳台复式公寓,红谷瑞仕城际广场,单价12699元/平米
南昌院子一期御湖半山 采光好 视野好 花园 诚心出,御湖半山,单价9286元/平米
急售 南昌九龙湖万达文化旅游城 方正两房 游乐场,万达文化旅游城C区,单价14806元/平米
非南昌户口可买的大三房花园洋房 家具家电一起,静安里九里象湖城,单价10765元/平米
花园洋房毛坯大房子 非南昌户口也可买 象湖新城,居住主题公园-玫瑰华庭,单价9574元/平米
毛坯大四房高楼层视野好 阳光足 非南昌户口也可买,居住主题公园-枫丹白鹭,单价10391元/平米
西站瑞都   大2房   看房方便   南昌西站  九龙湖,西站瑞都,单价12880元/平米
华南城一期九珑府，有钥匙，南昌西站，高区，不靠马路,九珑府,单价11035元/平米
南昌西站 地铁口 西站瑞都 户型方正 三房两卫,西站瑞都,单价11934元/平米
华南城一期九珑府，南昌西站，高区，不靠马路,九珑府,单价10777元/平米
南昌西客站旁 全天视野阳光无挡 地铁2、4号线,红谷瑞仕城际广场,单价14124元/平米
临靠梦时代、南昌大学商圈 谢家村地铁口 交通方便,青山湖社区,单价14286元/平米
在自家阳台 看南昌的未来 有成就的您需要宽阔的舞台,梧桐巷,单价11706元/平米
沙 井 安 居 小区精装二房可读南昌二房东诚心出售,沙井安居小区,单价15910元/平米
南昌县莲塘唐庄 两室两厅 近澄碧湖 南北通透前面无挡,唐庄,单价9341元/平米
南昌万达文化旅游城 通透三房  高尚宁静独具特色,万达文化旅游城C区,单价15018元/平米
地理位置优越，交通便利，邻有南昌之星，大学城,绿湖豪城,单价22263元/平米
南昌县精致住宅，交通便利，大型商场，生活有品位,正荣大湖之都（观澜郡）,单价10280元/平米
"南昌县.
康城一期.方形板正，采光性和通透性都好",康城一期,单价9742元/平米
万科四季花城 南昌三zhong 看房方便 万科物业 赞,万科四季花城芳沁苑,单价18447元/平米
未来该地段为市政府打造为南昌CBD连接新城区与老城区,洪城财满街,单价12097元/平米
南昌CBD地段，业主诚 售。一家人入住享受成熟配套。,红谷世纪花园B区,单价24366元/平米
"南昌县大两房房东精装自住诚心出售BRT,地铁3号线出行",银河城水悦湾一区,单价10034元/平米
绿地悦公馆位于双港西大街上，昌北小 学 南昌十中旁,绿地悦公馆,单价11036元/平米
南昌金色学府70年产权精装小户型 莲一洪洲,金色学府,单价14389元/平米
南昌28中前面，双公园，此房为板房，格局为通透。,磨盘山8号,单价11517元/平米
南昌西站旁 正 地铁口 LOFT 公寓 买一层享两层,新力琥珀园二期,单价11990元/平米
南昌后花园梅岭景区脚下，景区旁入则宁静，出则繁华,湾里区瀚德逸居,单价4557元/平米
南昌县.康城（三期）.户型方正 朝南的房子 采光 极强,康城（三期）,单价10675元/平米
南昌县银河城马德里 环境优美 鸟语花香 天然氧吧,马德里风情,单价9689元/平米
南昌县 莲塘近地铁 品牌开发商精装大三房 房东诚心售,恒大绿洲三期,单价10000元/平米
南昌县华林桃源丰景 一室一厅一卫 户型朝南 70年产权,桃源丰景小区,单价10000元/平米
南昌县上海新城 采光视野无遮挡，户型方正格局合理。,上海新城小区,单价4446元/平米
恒茂英伦国际 昌南快速路 南昌南站 交通便利 优选房,恒茂英伦国际,单价12116元/平米
西站瑞都小两房 站前路50米 近南昌西客站 商超齐全,西站瑞都,单价12942元/平米
南京东路 成熟小区 南昌大学 天虹商场隔壁,日月明小区,单价11426元/平米
南昌县上海新城 花园社区 业主诚心出售 看房提前约,上海新城小区,单价5000元/平米
桃苑大街 南昌外国语旁 远东国际花园  通透三房,远东国际花园,单价15061元/平米
万科品质小区近南昌东站交通便利绿滋肴青山湖万达旁,万科公园里（月坊金色小区）,单价16970元/平米
九龙湖 正地铁口 精装修 新力物业 南昌西站旁,新力琥珀园一期,单价10613元/平米
未来该地段为市政府打造为南昌CBD连接新城区与老城区,洪城财满街,单价10283元/平米
九龙湖 南昌西 瑞仕华庭 三室两厅两卫 房东急售,瑞仕华庭,单价13495元/平米
九龙湖 地铁口 新力物业 品质楼盘 南昌西站旁,新力琥珀园二期,单价15169元/平米
地铁口脚下 毛坯大三房 出行方便 诚心出售,南昌铜锣湾广场,单价22485元/平米
铜锣湾广场 标准两房 户型方正 交通便利 购物生活方便,南昌铜锣湾广场,单价25666元/平米
地税局宿舍 户型方正 交通便利 全天太阳 无公摊,南昌地税住宅小区,单价12227元/平米
带电梯 16.55平储藏间不计产证面积 交通便捷,南昌大学南生活区,单价17258元/平米
恒大金装3房 象湖滨江板块 有地铁有医疗有爱情海公园,南昌恒大翡翠华庭,单价11290元/平米
物业超好的次新小区，环境好，临赣江近地铁，配套齐,南昌恒大翡翠华庭,单价12035元/平米
西湖区地税局宿舍 通透2房 赣江边，地铁口,南昌地税住宅小区,单价12453元/平米
谢家村家乐福旁  出门即地铁  供电局宿舍,南昌供电局住宅,单价11702元/平米
恒大绿洲二期 面积155平     142万  采光好,南昌恒大绿洲二期,单价9162元/平米
大品牌，恒大绿洲，环境好，前后院别墅,南昌恒大绿洲六期,单价16861元/平米
恒大二期。出门就是地铁首站，价格实惠。,南昌恒大绿洲二期,单价11120元/平米
恒大绿洲环境优美，精装修地铁口，拎包入住视野开阔,南昌恒大绿洲二期,单价10140元/平米
恒大绿洲  高层三房两厅 业主诚心出售 看房提前约！,南昌恒大绿洲二期,单价9855元/平米
滨江新区精装3房，到赣江就一个红绿灯，二千米到地铁,南昌恒大翡翠华庭,单价10625元/平米
恒大的品牌精装3房，近新洪城临地铁，阳光好采光足,南昌恒大翡翠华庭,单价11488元/平米
开发商统一精装正规三房，全新小区，带个小露台,南昌恒大翡翠华庭,单价12661元/平米
恒大绿洲六期别墅  环境好 物业佳 地铁3号线在建,南昌恒大绿洲六期,单价18013元/平米
恒大绿洲六期别墅 独门独院 居住舒适 环境好,南昌恒大绿洲六期,单价17740元/平米
房东诚心出售  交通方便  大三房,南昌恒大绿洲二期,单价10570元/平米
锦海东方银座 采光充足 楼层好 小区环境优美,南昌锦海东方银座,单价17729元/平米
恒大绿洲二期位置安静舒适 客厅卧室方正 结构合理,南昌恒大绿洲二期,单价8922元/平米
好房高性价 户型全明  太阳良好,南昌地税住宅小区,单价12782元/平米
带大院子南大教师宿舍环境好靠北京东路 采光佳,南昌大学南生活区,单价15163元/平米
恒大绿洲，开发商统一装修，小区环境优美，看中可谈,南昌恒大绿洲六期,单价11052元/平米
恒大翡翠华庭、户型端正、通透格局、环境优美,南昌恒大翡翠华庭,单价13479元/平米
恒大绿  洲地铁口   精装房  看房方便,南昌恒大绿洲二期,单价10963元/平米
"恒大翡翠华庭, 大品牌开发商, 小区间距大，绿化环境好",南昌恒大翡翠华庭,单价11500元/平米
（景观房）恒大翡翠华庭四房 小区环境优美,南昌恒大翡翠华庭,单价13861元/平米
铜锣湾广场 精装通透三房 业主诚心出售 附带车位,南昌铜锣湾广场,单价27104元/平米
恒大绿洲六期环境幽雅阳光好 空气清晰享品质的生活,南昌恒大绿洲六期,单价11200元/平米
恒大绿洲别墅 六期绿化好 交通3号地铁在建,南昌恒大绿洲六期,单价19918元/平米
恒大绿洲六期大别墅 带超大院子 朝向很好 房东诚售,南昌恒大绿洲六期,单价14954元/平米
青山湖 北京东路 南大南院 近地铁 交通便利 配套齐全,南昌大学南生活区,单价11870元/平米
轨道交通3号线站台、恒大绿洲精装三房、环境安静。,南昌恒大绿洲二期,单价12170元/平米
恒大绿洲二期精装三房 环境优美 物业管理严谨,南昌恒大绿洲二期,单价10219元/平米
南大南院一楼带院子，     方便停车,南昌大学南生活区,单价13883元/平米
南大教工宿舍 小区环境好 闹中取静 读书就近 诚售,南昌大学南生活区,单价12735元/平米
东南朝向，楼层好一线江景房 通透格局交通便利,南昌铜锣湾广场,单价23661元/平米
精装两房 户型通透 业主诚心卖 可随时看房,南昌铜锣湾广场,单价24698元/平米
恒大绿洲二期 精装三房 户型通透 近地铁 观景楼层,南昌恒大绿洲二期,单价11187元/平米
滨江区域三房！房东置换别墅。  价格好谈。。,南昌恒大翡翠华庭,单价12453元/平米
象湖滨江恒大金碧电梯洋房给你对家的全新定义,南昌恒大翡翠华庭,单价13822元/平米
临赣江、临地铁大三房、环境好、绿化大,南昌恒大翡翠华庭,单价13085元/平米
恒大绿洲二期精装三房  小区环境优美  物业管理严谨,南昌恒大绿洲二期,单价9853元/平米
恒大绿洲六期精装大四房 视野宽阔 绿化好 。,南昌恒大绿洲六期,单价7922元/平米
恒大绿洲六期精装四房 高层视野开阔 房东诚售,南昌恒大绿洲六期,单价9040元/平米
大品牌开发商 环境好，绿化面积大，临赣江。,南昌恒大翡翠华庭,单价12411元/平米
"房东诚心卖,   随时可看房,  提前预约",南昌恒大翡翠华庭,单价12496元/平米
恒大品牌、楼层佳、阳光充足、通透,南昌恒大翡翠华庭,单价13740元/平米
恒大绿洲二期南北方向 高档社区景观好房 享品质生活,南昌恒大绿洲二期,单价10656元/平米
恒大绿洲六期 前后无挡  视野开阔  空气清新  楼层好,南昌恒大绿洲六期,单价10228元/平米
恒大绿洲二期 精装三房家具家电全带 您只需拎包入住,南昌恒大绿洲二期,单价9854元/平米
红谷滩 铜锣湾广场 正规户型 小区质量杠杠的,南昌铜锣湾广场,单价22549元/平米
地铁一号线上海北路梦时代配套齐全闹中取静,南昌大学南生活区,单价14116元/平米
恒大绿洲二期，高档社区开阔无挡,南昌恒大绿洲二期,单价9576元/平米
南大教师宿舍，环境好，户型方正，繁华路段,南昌大学南生活区,单价13031元/平米
恒大六期精装交付的房子，家具家电齐全，直接拎包入住,南昌恒大绿洲六期,单价10000元/平米
精装小三房 户型端正 环境好 近大润发 环城高速路口,南昌恒大绿洲二期,单价11015元/平米
高品质的小区  奢华的享受   天然氧吧,南昌恒大绿洲六期,单价21569元/平米
地铁口  铜锣湾广场 毛坯两房 高楼层视野好,南昌铜锣湾广场,单价20866元/平米
恒大绿洲二期 房东诚心出售 户型好 物业好,南昌恒大绿洲二期,单价9226元/平米
梦时代2号出口出门方便 可看青山湖景色光线好,南昌锦海东方银座,单价16217元/平米
恒大绿洲大户型，四房两厅，旁边地铁口，交通更方便,南昌恒大绿洲六期,单价8019元/平米
采光好视野宽阔交通便利很大阳台,南昌恒大翡翠华庭,单价17247元/平米
铜锣湾广场精致房源，房东诚心出售,南昌铜锣湾广场,单价20027元/平米
恒大绿洲别墅 得房率高  房东诚售,南昌恒大绿洲六期,单价19355元/平米
铜锣湾大三房带车位楼层好交通方便随时可看房,南昌铜锣湾广场,单价24981元/平米
恒大绿洲，通透三居室 中高楼层 精装空闲,南昌恒大绿洲二期,单价10295元/平米
恒大精装三房，拎包入住，省心省力,南昌恒大翡翠华庭,单价11471元/平米
恒大绿洲二期精装房   中间楼层  视野开阔，,南昌恒大绿洲二期,单价10452元/平米
房东诚心出售 小区环境优美 安保24小时巡逻,南昌恒大绿洲六期,单价9091元/平米
恒大大三房。精装修交付。家住桥头堡。生活乐无忧。,南昌恒大翡翠华庭,单价12030元/平米
恒大绿洲，精装四房，环境好，房东诚售,南昌恒大绿洲六期,单价8193元/平米
精装修大三房，象湖滨江板块，东莲路主干道,南昌恒大翡翠华庭,单价13889元/平米
恒大翡翠华庭精装修房东诚心出售！,南昌恒大翡翠华庭,单价14274元/平米
恒大翡翠华庭 精装交付 房东诚心出售,南昌恒大翡翠华庭,单价12034元/平米
恒大翡翠华庭精装修房东诚心出售！,南昌恒大翡翠华庭,单价13872元/平米
青山湖 北京东路 东方银座 近地铁 交通便利 配套齐全,南昌锦海东方银座,单价14584元/平米
恒大绿洲六期 环境幽雅阳光好 全明通透视野开阔,南昌恒大绿洲六期,单价10121元/平米
恒大绿洲 小区环境不错 刚需小户型 生活空间更惬意,南昌恒大绿洲六期,单价12450元/平米
满五年 税费少 诚心卖 装修保养好,南昌恒大绿洲六期,单价10276元/平米
恒大绿洲六期 观景大四房，近翠林高尔夫，邻雄溪河,南昌恒大绿洲六期,单价8807元/平米
店长推荐恒大品牌物业东莲路精准三房,南昌恒大翡翠华庭,单价11161元/平米
该楼盘位于梦时代商圈东面，房东诚心出售。,南昌锦海东方银座,单价16013元/平米
楼盘在梦时代商圈东面，房东诚心出售。,南昌锦海东方银座,单价16104元/平米
精装大三房，视线开阔，楼层观景，采光好，配套完善。,南昌恒大绿洲二期,单价10000元/平米
恒大绿洲六期景观好房 视野开阔无挡 就像住在公园里,南昌恒大绿洲六期,单价9091元/平米
小区环境优美 绿地率高小区有多个人工湖 空气清新,南昌恒大绿洲六期,单价8278元/平米
恒大绿洲开发商装修   环境不错    是天然大氧吧,南昌恒大绿洲二期,单价9804元/平米
恒大绿洲开发商装修   小区环境优美  是天然大氧吧,南昌恒大绿洲二期,单价11383元/平米
恒大绿洲二期 品质楼盘 植被丰富 环境秀美 适合居住,南昌恒大绿洲二期,单价12927元/平米
恒大翡翠华庭  精装大三房楼层好 户型方正。,南昌恒大翡翠华庭,单价13381元/平米
红谷滩核芯板块，繁华商圈，现代通透三房，诚心出售,南昌铜锣湾广场,单价28654元/平米
环境好，绿化面积大，物业超负责，临赣江，到地铁近。,南昌恒大翡翠华庭,单价13275元/平米
恒大绿洲， 四房两厅 业主诚心出售 看房提前约,南昌恒大绿洲二期,单价10327元/平米
自住装修 家电齐全  可拎包入住,南昌恒大翡翠华庭,单价12977元/平米
南大南院实用三房 环境优美拎包入住,南昌大学南生活区,单价12619元/平米
恒大绿洲二期 高档社区小区环境优美 户型方正居住舒适,南昌恒大绿洲二期,单价12064元/平米
恒大二期.9楼 绿化高. 环境优美,南昌恒大绿洲二期,单价10163元/平米
小区配套完善 户型方正 朝南的格局 采光极强,南昌市烟草公司南昌县分公司宿舍,单价9133元/平米
桃苑大街 南昌外国语旁 苑中园 南通 通透 近公园,苑中园小区,单价12886元/平米
桃苑大街 桃苑二区 南昌外国语旁 全明户型 近公园,桃苑社区二区,单价11283元/平米
桃苑大街 桃苑二区 南昌外国语旁 中间楼层  近抚河,桃苑社区二区,单价12773元/平米
桃苑大街 南昌外国语旁 世纪名族园 精装四房 户型好,世纪名族园,单价13066元/平米
九龙湖南昌西站旁、 双地铁口 、品质小区、绿化面积高,新力琥珀园一期,单价14832元/平米
南昌市后花园 湾里 永惠漫谷 四室两厅 南北通透 急售,永惠漫谷,单价8480元/平米
三层复式楼，环境优美，到南昌交通便利，近澄碧湖。,梦里水乡,单价8763元/平米
桃苑大街  南昌外国语旁 振中小区 三面采光  近地铁,振中小区,单价10994元/平米
房东诚心出售，地理位置佳，邻近地铁,南昌卷烟厂住宅小区,单价11971元/平米
毛坯 大五房   实得面积大 首付不高 单  价  便  宜,南昌齿轮场职工生活社区,单价5752元/平米
南大宿舍房精装通透户型房东置换急售,南昌大学北区家属宿舍,单价15267元/平米
房东移民国外急售此房 看房方便 看中可谈,南昌大学北区家属宿舍,单价17356元/平米
八一大道 福山小区 交通便利 配套齐全 随时看房,南昌市公安局公安小区,单价12625元/平米
后墙路 精装3房 阳光好 配套齐全 交通便利,南昌市第一医院小区,单价15763元/平米
抚河桥 朝阳中路 卷烟厂单位房 户型通透 全天太阳,南昌卷烟厂住宅小区,单价12000元/平米
交通十分方便，购物十分方便，适合居住,南昌红谷滩万达广场,单价29373元/平米
万达广场A2公寓可自住可出租，手续齐全，随时看房,南昌红谷滩万达广场,单价8696元/平米
蛟桥南齿宿舍！两居室两厅！房东诚心出售看房随时！,南昌齿轮场职工生活社区,单价10417元/平米
经开区下罗南齿宿舍小两房，另带院子小区配套设施齐全,南昌齿轮场职工生活社区,单价6170元/平米
精装修 格局好 户型方正  采光足,南昌水电工程局宿舍,单价8069元/平米
南齿2房1厅 配套齐全 低价出售,南昌齿轮场职工生活社区,单价6255元/平米
有南有北，太阳全天，中间楼层，有院子门卫,南昌大学医学院住宅区,单价13899元/平米
小区环境优美，小区管理严谨。干净整洁 采光好,南昌阀门廠宿舍三区,单价10964元/平米
万达广场 甲   级写字楼 带租约出售 即买即收租,南昌红谷滩万达广场,单价12978元/平米
此房格局合理 阳光充足 朝南户型 诚心出售的房东,南昌红谷滩万达广场,单价13076元/平米
40年产权公寓，价格低 适宜单身金领人员居住,南昌红谷滩万达广场,单价10244元/平米
坛子口.离地铁近.拎包入住.底价出售,南昌井冈山大道名爵公馆,单价11035元/平米
名爵公馆端正两房 全天太阳 配套齐全,南昌井冈山大道名爵公馆,单价12404元/平米
万达广场 精装公寓 端户 2个窗户 红谷滩中※,南昌红谷滩万达广场,单价12404元/平米
昌北经济开发区南齿宿舍精装修通透大两房带储藏室,南昌齿轮场职工生活社区,单价8489元/平米
两房向南，通风，三面采光，西边户，中间楼层。,南昌市第十中学宿舍,单价12610元/平米
地段位置极其优越，坐享齐全、完善的生活配套,南昌红谷滩万达广场,单价9952元/平米
红谷滩 精装公寓 采光好 急售,南昌红谷滩万达广场,单价10477元/平米
红谷滩CBD万达广场LOFT公寓,南昌红谷滩万达广场,单价13486元/平米
井冈山大道名爵公寓精装小户型，视野开阔，配套齐全。,南昌井冈山大道名爵公馆,单价10337元/平米
南齿三房两厅 户型好 价格合理 诚心出售,南昌齿轮场职工生活社区,单价7464元/平米
面积小 总价低 近地铁 生活设施齐全,南昌卷烟厂住宅小区,单价11588元/平米
环境优美 停车方便 二十小时有保安巡逻 人群素质高,南昌大学医学院住宅区,单价14950元/平米
南齿社区精装急售成熟社区配套完善,南昌齿轮场职工生活社区,单价7177元/平米
红谷滩人气超旺繁华地段万达广场写字楼,南昌红谷滩万达广场,单价12934元/平米
户型方正，采光充足， 交通便利， 配套设施齐全,南昌阀门廠宿舍三区,单价9876元/平米
昌北庐山南大道南齿通透两房房东诚心出售,南昌齿轮场职工生活社区,单价6579元/平米
户型通透，  采光充足，配套设施齐全,南昌阀门廠宿舍三区,单价11949元/平米
南齿宿舍   实惠小两房  生活方便 急售,南昌齿轮场职工生活社区,单价7689元/平米
红谷隧道旁 精装大一房 通透户型 近地铁口 停车方便,南昌卷烟厂住宅小区,单价10790元/平米
艾溪湖畔公园旁的公寓，小区物业管理规范,悦峰商务广场（南昌世纪皇冠）,单价7387元/平米
精致装修，风景好采光足，房型正,南昌市园林住宅小区,单价15935元/平米
坛子口旁边，70年产权精装公寓楼,南昌井冈山大道名爵公馆,单价10222元/平米
万达广场精装公寓 出门就是地铁口 交通很便利,南昌红谷滩万达广场,单价11899元/平米
格局合理 阳光充足 朝南户型 价钱便宜 诚心出售的房东,南昌红谷滩万达广场,单价14993元/平米
房东不想打理    想置换一套住宅,南昌红谷滩万达广场,单价18750元/平米
房东出国不打算在国内住  因此就把这套房子卖掉,南昌红谷滩万达广场,单价11041元/平米
房东诚心出售有意向欢迎来电。。。,南昌齿轮场职工生活社区,单价6045元/平米
地理位置优越，繁华地段，出行方。，,南昌井冈山大道名爵公馆,单价10262元/平米
昌北经济技术开发区 蛟桥 南齿小区,南昌齿轮场职工生活社区,单价6218元/平米
万达广场 精装公寓 阳光好 朝向好,南昌红谷滩万达广场,单价14995元/平米
格局合理 阳光充足 朝南户型 价钱便宜 诚心出售的房东,南昌红谷滩万达广场,单价11164元/平米
"精装两房，好的房子不是用来欣赏的,是用来享受的",南昌卷烟厂住宅小区,单价12683元/平米
红谷滩CBD商圈 精装公寓 温馨舒适,南昌红谷滩万达广场,单价9993元/平米
阀门厂宿舍，二室一厅，小区安静舒适,南昌阀门廠宿舍三区,单价12353元/平米
此房满五唯一，格局不错，楼层好，视野宽阔，采光充足,南昌大学医学院住宅区,单价16804元/平米
经开区蛟桥南齿宿舍交通方便，房东诚心出售,南昌齿轮场职工生活社区,单价7693元/平米
地段位置极其优越，坐享齐全、完善的生活配套,南昌红谷滩万达广场,单价11214元/平米
业主诚心卖    没有贷款没有抵押    看房预约,南昌红谷滩万达广场,单价10263元/平米
地段位置极其优越，坐享齐全、完善的生活配套,南昌红谷滩万达广场,单价9697元/平米
名爵公馆在王 府 井购物广场300米处，精装修49万,南昌井冈山大道名爵公馆,单价10360元/平米
王 府 井购物广场300米处电梯房50万，精装修,南昌井冈山大道名爵公馆,单价10000元/平米
坛子口 精装小公寓，亏本出售。,南昌井冈山大道名爵公馆,单价11053元/平米
南齿社区精装急售成熟社区配套完善,南昌齿轮场职工生活社区,单价7351元/平米
煤气公司单位宿舍 中间楼层 得房率高 环境优美,南昌市煤气公司住宅小区,单价11656元/平米
蛟桥南齿职工社区环境优美，精装2房拎包入住,南昌齿轮场职工生活社区,单价6045元/平米
福州路园林住宅小区 全天太阳 户型好 南北通透,南昌市园林住宅小区,单价14877元/平米
东湖区好房繁华地段 配套齐全彩光好,南昌大学医学院住宅区,单价11250元/平米
桃苑公安小区 精美三房  精装修 格局方正,南昌市公安局桃苑住宅小区,单价11568元/平米
房子精装大三房 看房方便 家电家具基本全带,南昌市公安局桃苑住宅小区,单价14966元/平米
房子光线好 户型通透 看房方便 房东诚售,南昌市公安局桃苑住宅小区,单价12661元/平米
房子户型端正 太阳好 使用面积大,南昌市公安局桃苑住宅小区,单价14966元/平米
此房楼层好，位置好，户型好，单位房子，有院子,南昌市公安局桃苑住宅小区,单价13844元/平米
桃苑 公安小区 单位房实用面积大 带储藏间 4号线旁,南昌市公安局桃苑住宅小区,单价13470元/平米
房源地段好，配套成熟采光好 诚售,南昌市公安局桃苑住宅小区,单价12661元/平米
南昌恒大城精装三房急售，户型好，采光好,南昌恒大城,单价11989元/平米
象湖新城南昌恒大城精装四房两卫，看房方便,南昌恒大城,单价10715元/平米
南昌恒大城 园 林 精装3房急售,南昌恒大城,单价10847元/平米
南昌恒大城金装大三房，户型方正全天太阳,南昌恒大城,单价11138元/平米
南昌恒大城，楼间距大，视野开阔，环境优。,南昌恒大城,单价11008元/平米
南昌恒大城精装三房，户型好，光线好，房东诚心出售,南昌恒大城,单价10949元/平米
南昌象湖新城丰源淳和真实房源真实价钱,丰源·淳和,单价13068元/平米
南昌融创文旅城三房低价出售，配套齐全。,万达文化旅游城N2区,单价12691元/平米
